{"mean": [120.53150939941406, 118.81947326660156, 120.04814147949219, 119.8087387084961, 120.26759338378906, 121.0039291381836, 119.5491714477539, 120.2352294921875, 119.79438781738281, 118.395263671875, 119.44002532958984, 117.9931640625, 120.6025390625, 119.62178039550781, 119.8894271850586, 119.1059799194336, 117.6748046875, 118.36869049072266, 118.2974853515625, 119.87933349609375, 118.6255874633789, 120.68840026855469, 119.13433837890625, 120.1194839477539, 117.99409484863281, 119.14033508300781, 119.7067642211914, 121.00496673583984, 119.52266693115234, 121.04615783691406, 119.8371810913086, 119.07484436035156, 117.82868957519531, 119.56407165527344, 118.27354431152344, 118.39517974853516, 119.54914855957031, 118.4330062866211, 117.8764877319336, 118.4403305053711, 114.5687026977539, 115.5154037475586, 114.5127944946289, 114.7779541015625, 114.82391357421875, 112.06419372558594, 113.84834289550781, 107.819091796875, 112.06394958496094, 110.08712005615234, 108.6670913696289, 109.20945739746094, 108.89759826660156, 107.03324890136719, 105.16590881347656, 105.25791931152344, 101.25914001464844, 97.69642639160156, 96.9417495727539, 95.83071899414062, 97.17394256591797, 100.62762451171875, 92.6892318725586, 96.64607238769531, 97.72416687011719, 96.38838195800781, 94.80671691894531, 99.23211669921875, 92.35852813720703, 95.33065032958984, 91.00619506835938, 93.23054504394531, 89.5640869140625, 80.96110534667969, 79.76925659179688, 74.3313217163086, 75.63253021240234, 69.54865264892578, 65.79460144042969, 64.24330139160156, 60.755279541015625, 60.64520263671875, 58.91501998901367, 57.13518524169922, 52.3338508605957, 51.320068359375, 50.207801818847656, 49.68948745727539, 46.856109619140625, 45.5023193359375, 45.421409606933594, 44.253501892089844, 43.25245666503906, 40.82445526123047, 41.43035888671875, 34.56266403198242, 32.963226318359375, 32.946983337402344, 34.17912292480469, 34.25249099731445, 33.708152770996094, 31.356609344482422, 30.505001068115234, 28.063426971435547, 27.919124603271484, 25.799917221069336, 22.41323471069336, 20.47721290588379, 19.330081939697266, 20.136947631835938, 18.035741806030273, 17.228158950805664, 15.597338676452637, 15.137423515319824, 13.240699768066406, 10.172350883483887, 9.215846061706543, 8.065497398376465, 6.9496660232543945, 4.699719429016113, 4.092113971710205, 3.5882530212402344, 2.744699001312256, 3.044593334197998, 2.5196382999420166, 1.840821623802185], "var": [9.34361743927002, 10.567606925964355, 3.7287757396698, 13.168998718261719, 8.83189582824707, 8.21613883972168, 7.903718948364258, 9.054315567016602, 10.285932540893555, 7.459836959838867, 10.54484748840332, 8.29159164428711, 11.839716911315918, 11.816252708435059, 17.919309616088867, 7.4513020515441895, 6.439138412475586, 15.59373950958252, 11.792611122131348, 8.775489807128906, 15.316976547241211, 5.210434913635254, 6.406405925750732, 9.462785720825195, 15.543981552124023, 8.768965721130371, 3.0295917987823486, 6.093122959136963, 3.6776247024536133, 2.7255711555480957, 10.896273612976074, 14.259407043457031, 5.148951053619385, 4.562908172607422, 6.9553422927856445, 4.07554817199707, 11.95425796508789, 13.140222549438477, 9.681492805480957, 29.212430953979492, 3.1461663246154785, 27.762916564941406, 17.48538589477539, 23.530643463134766, 12.653550148010254, 25.29420280456543, 6.9381890296936035, 31.06363296508789, 27.457643508911133, 9.12562370300293, 16.154756546020508, 99.0449447631836, 19.403966903686523, 37.63847732543945, 28.747547149658203, 18.415855407714844, 37.6995964050293, 110.77217864990234, 24.184465408325195, 49.187992095947266, 29.497962951660156, 91.28160095214844, 50.33071517944336, 86.43486785888672, 64.2388687133789, 20.789201736450195, 87.01885986328125, 117.9825439453125, 70.44611358642578, 41.99493408203125, 83.93688201904297, 27.697378158569336, 78.71834564208984, 48.095767974853516, 64.4491195678711, 35.436500549316406, 18.74631690979004, 16.268386840820312, 27.445363998413086, 13.570033073425293, 17.97970962524414, 8.359569549560547, 20.263639450073242, 7.913566589355469, 13.327625274658203, 3.5837042331695557, 10.880867958068848, 7.869429588317871, 4.554123401641846, 1.9281158447265625, 5.017189025878906, 5.079826831817627, 3.5446503162384033, 6.6002912521362305, 7.625996112823486, 5.476071834564209, 2.129096269607544, 1.8165271282196045, 1.0811131000518799, 4.85811710357666, 1.7479634284973145, 0.948581874370575, 3.4201338291168213, 1.721372127532959, 3.452371597290039, 3.0624358654022217, 2.196408271789551, 0.8612377643585205, 1.8381496667861938, 1.4870909452438354, 1.239381194114685, 1.7306413650512695, 0.9495243430137634, 0.9883981347084045, 0.659177839756012, 0.7029666304588318, 0.6898947954177856, 0.3973175883293152, 0.3603995442390442, 0.3905127942562103, 0.19064897298812866, 0.06167054548859596, 0.34304824471473694, 0.2350122183561325, 0.11789900809526443, 0.14864957332611084], "true": [120.0, 120.0, 120.0, 120.0, 120.0, 120.0, 119.0, 118.0, 117.0, 116.0, 115.0, 114.0, 113.0, 112.0, 111.0, 110.0, 109.0, 108.0, 107.0, 106.0, 105.0, 104.0, 103.0, 102.0, 101.0, 100.0, 99.0, 98.0, 97.0, 96.0, 95.0, 94.0, 93.0, 92.0, 91.0, 90.0, 89.0, 88.0, 87.0, 86.0, 85.0, 84.0, 83.0, 82.0, 81.0, 80.0, 79.0, 78.0, 77.0, 76.0, 75.0, 74.0, 73.0, 72.0, 71.0, 70.0, 69.0, 68.0, 67.0, 66.0, 65.0, 64.0, 63.0, 62.0, 61.0, 60.0, 59.0, 58.0, 57.0, 56.0, 55.0, 54.0, 53.0, 52.0, 51.0, 50.0, 49.0, 48.0, 47.0, 46.0, 45.0, 44.0, 43.0, 42.0, 41.0, 40.0, 39.0, 38.0, 37.0, 36.0, 35.0, 34.0, 33.0, 32.0, 31.0, 30.0, 29.0, 28.0, 27.0, 26.0, 25.0, 24.0, 23.0, 22.0, 21.0, 20.0, 19.0, 18.0, 17.0, 16.0, 15.0, 14.0, 13.0, 12.0, 11.0, 10.0, 9.0, 8.0, 7.0, 6.0, 5.0, 4.0, 3.0, 2.0, 1.0, 0.0], "RMSE": 21.51}