{"mean": [120.05477142333984, 120.07072448730469, 119.09678649902344, 119.8343734741211, 119.56593322753906, 119.9026107788086, 120.85450744628906, 117.70219421386719, 120.64710998535156, 120.39820861816406, 119.4464111328125, 119.88456726074219, 119.79583740234375, 117.47169494628906, 118.91378021240234, 119.32566833496094, 116.34590148925781, 119.1377944946289, 117.00984954833984, 117.05476379394531, 117.26597595214844, 113.89491271972656, 117.82969665527344, 117.5909194946289, 116.0970230102539, 117.94193267822266, 112.19769287109375, 115.92408752441406, 114.63375091552734, 115.37724304199219, 115.41465759277344, 117.48272705078125, 110.8057632446289, 110.8730239868164, 105.74922943115234, 95.3812484741211, 104.65089416503906, 107.9760971069336, 104.86572265625, 98.81362915039062, 99.11642456054688, 99.86571502685547, 100.45629119873047, 95.68992614746094, 97.91331481933594, 96.71067810058594, 97.6621322631836, 91.03028869628906, 85.44837951660156, 83.47351837158203, 81.62372589111328, 80.6376724243164, 79.6585464477539, 79.11634826660156, 82.14289855957031, 83.08926391601562, 75.62977600097656, 69.08782196044922, 73.69564056396484, 71.32083129882812, 71.52272033691406, 66.51508331298828, 68.92524719238281, 62.15966796875, 68.41697692871094, 60.062828063964844, 62.0730094909668, 62.81032180786133, 60.15250778198242, 59.548011779785156, 63.88312911987305, 60.71436309814453, 56.27779006958008, 59.47735595703125, 60.57068634033203, 59.984214782714844, 55.6661491394043, 54.082923889160156, 56.3853645324707, 52.74556350708008, 52.516014099121094, 51.67572021484375, 50.3551025390625, 48.30518341064453, 49.5274543762207, 48.08815383911133, 49.841331481933594, 45.92765426635742, 44.71601104736328, 43.854591369628906, 43.52984619140625, 40.81736373901367, 40.58714294433594, 41.727272033691406, 42.143226623535156, 39.445457458496094, 38.125755310058594, 35.63184356689453, 37.93410873413086, 37.18312454223633, 31.916854858398438, 31.308725357055664, 34.4349365234375, 31.30880355834961, 31.583444595336914, 27.8800048828125, 24.6554012298584, 26.374923706054688, 22.781879425048828, 21.156299591064453, 18.725994110107422, 17.85967445373535, 16.111568450927734, 13.276460647583008, 14.08782958984375, 12.540679931640625, 11.438337326049805, 10.186762809753418, 7.596836090087891, 7.8231658935546875, 6.743290901184082, 5.195469856262207, 3.7147083282470703, 3.625197172164917, 2.9172115325927734, 2.771886110305786, 2.0301644802093506], "var": [11.536252975463867, 9.727398872375488, 15.228337287902832, 11.1400146484375, 9.546850204467773, 3.810495615005493, 6.760601997375488, 3.3306667804718018, 7.171851634979248, 15.663403511047363, 4.536332607269287, 4.662290096282959, 11.520503044128418, 3.1341629028320312, 20.16041374206543, 16.667448043823242, 8.147252082824707, 8.603885650634766, 9.068235397338867, 16.28775978088379, 8.851827621459961, 36.995216369628906, 6.838370323181152, 9.102123260498047, 13.397222518920898, 11.00667953491211, 34.65419387817383, 14.592812538146973, 20.748136520385742, 14.31539535522461, 18.24234962463379, 33.05006790161133, 60.507877349853516, 41.06056594848633, 44.92597579956055, 83.11265563964844, 41.7462272644043, 79.34196472167969, 79.55179595947266, 65.88126373291016, 77.89388275146484, 126.44269561767578, 64.59735870361328, 66.7095947265625, 118.73326873779297, 162.72410583496094, 36.174072265625, 108.03556823730469, 25.023693084716797, 73.25013732910156, 100.06424713134766, 107.34559631347656, 24.857725143432617, 70.05593872070312, 83.27355194091797, 44.67619705200195, 57.25513458251953, 20.849502563476562, 54.93899154663086, 42.41637420654297, 13.521151542663574, 19.530513763427734, 77.92292022705078, 21.211267471313477, 62.79341506958008, 9.816311836242676, 18.003013610839844, 35.57685470581055, 19.704090118408203, 34.264007568359375, 30.602115631103516, 19.674732208251953, 22.904674530029297, 12.263154983520508, 13.17351245880127, 24.605207443237305, 15.11983585357666, 5.7460856437683105, 19.831708908081055, 5.853847503662109, 6.46870756149292, 3.33697247505188, 2.4848783016204834, 9.054662704467773, 3.706319570541382, 1.7802644968032837, 7.3213605880737305, 4.848231315612793, 5.631418704986572, 2.7154579162597656, 1.6143848896026611, 3.0782649517059326, 2.4673655033111572, 1.26156747341156, 2.4549055099487305, 4.49675178527832, 1.8756153583526611, 1.1921756267547607, 4.867743968963623, 3.3073153495788574, 2.142859935760498, 3.1022443771362305, 2.661651134490967, 4.203935146331787, 2.8160183429718018, 2.464623212814331, 0.7267064452171326, 4.173597812652588, 1.0877556800842285, 1.1391870975494385, 1.647547960281372, 1.0172866582870483, 0.6686785817146301, 0.6214449405670166, 0.6835163235664368, 0.5464224815368652, 0.7314579486846924, 0.8547554612159729, 0.6008939146995544, 0.5251929759979248, 1.3976482152938843, 0.2508827745914459, 0.23132936656475067, 0.10207824409008026, 0.17870846390724182, 0.2177412360906601, 0.28862765431404114], "true": [120.0, 120.0, 120.0, 120.0, 120.0, 120.0, 120.0, 119.0, 118.0, 117.0, 116.0, 115.0, 114.0, 113.0, 112.0, 111.0, 110.0, 109.0, 108.0, 107.0, 106.0, 105.0, 104.0, 103.0, 102.0, 101.0, 100.0, 99.0, 98.0, 97.0, 96.0, 95.0, 94.0, 93.0, 92.0, 91.0, 90.0, 89.0, 88.0, 87.0, 86.0, 85.0, 84.0, 83.0, 82.0, 81.0, 80.0, 79.0, 78.0, 77.0, 76.0, 75.0, 74.0, 73.0, 72.0, 71.0, 70.0, 69.0, 68.0, 67.0, 66.0, 65.0, 64.0, 63.0, 62.0, 61.0, 60.0, 59.0, 58.0, 57.0, 56.0, 55.0, 54.0, 53.0, 52.0, 51.0, 50.0, 49.0, 48.0, 47.0, 46.0, 45.0, 44.0, 43.0, 42.0, 41.0, 40.0, 39.0, 38.0, 37.0, 36.0, 35.0, 34.0, 33.0, 32.0, 31.0, 30.0, 29.0, 28.0, 27.0, 26.0, 25.0, 24.0, 23.0, 22.0, 21.0, 20.0, 19.0, 18.0, 17.0, 16.0, 15.0, 14.0, 13.0, 12.0, 11.0, 10.0, 9.0, 8.0, 7.0, 6.0, 5.0, 4.0, 3.0, 2.0, 1.0, 0.0], "RMSE": 8.9}