{"mean": [52.8344612121582, 53.52313232421875, 52.268150329589844, 52.871673583984375, 53.46812057495117, 51.039039611816406, 47.248146057128906, 49.34458923339844, 47.326332092285156, 45.194461822509766, 45.0323371887207, 46.195823669433594, 44.40920639038086, 46.63359451293945, 43.70265579223633, 44.130680084228516, 40.95664978027344, 41.18667984008789, 42.77003479003906, 40.10558319091797, 35.97718048095703, 38.04652404785156, 36.06149673461914, 32.63169479370117, 33.0161018371582, 29.597890853881836, 35.23126220703125, 30.511646270751953, 27.7624454498291, 29.12185287475586, 29.24533462524414, 28.176733016967773, 25.63919448852539, 27.349803924560547, 25.043045043945312, 26.168493270874023, 22.17538070678711, 19.455148696899414, 19.364322662353516, 20.878925323486328, 19.123912811279297, 20.55402946472168, 20.431907653808594, 18.659250259399414, 19.62082290649414, 18.741849899291992, 16.453907012939453, 15.352177619934082, 16.185161590576172, 13.509140014648438, 12.526784896850586, 11.726760864257812, 12.227455139160156, 9.999534606933594, 10.282005310058594, 10.173269271850586, 8.53272533416748, 6.219352722167969, 5.241454124450684, 4.544012546539307, 4.344916343688965, 2.790679454803467, 2.131664752960205, 2.9714863300323486, 1.8851654529571533, 1.2786718606948853, 1.4717981815338135, 119.64432525634766, 121.31453704833984, 119.3581314086914, 120.39726257324219, 120.8469009399414, 119.90079498291016, 120.68025207519531, 120.56475830078125, 119.45867919921875, 121.11612701416016, 120.19215393066406, 120.31976318359375, 120.7989730834961, 120.79251861572266, 119.40034484863281, 120.22859191894531, 120.35406494140625, 121.34920501708984, 118.95025634765625, 119.88188171386719, 118.7101058959961, 120.37654113769531, 120.74232482910156, 120.291259765625, 118.43668365478516, 118.63978576660156, 120.17210388183594, 118.51130676269531, 118.7279281616211, 120.847412109375, 119.97526550292969, 118.75132751464844, 119.9582290649414, 119.75390625, 117.85103607177734, 118.18031311035156, 118.55589294433594, 117.25431823730469, 116.0645523071289, 116.84782409667969, 115.45967864990234, 116.690673828125, 117.04276275634766, 114.29141998291016, 116.38502502441406, 117.83094787597656, 118.03703308105469, 116.59195709228516, 115.51666259765625, 112.44937896728516, 115.61918640136719, 113.04302978515625, 108.10799407958984, 108.16380310058594, 108.84416198730469, 103.15257263183594, 110.31825256347656, 99.00965881347656], "var": [2.475524663925171, 4.242173671722412, 2.414663076400757, 3.373427152633667, 10.152607917785645, 3.038464307785034, 6.500058650970459, 7.952747821807861, 3.55877423286438, 3.2912349700927734, 2.90034556388855, 2.953779935836792, 2.4052340984344482, 5.37185525894165, 4.945394515991211, 1.5398722887039185, 3.7244739532470703, 4.7977094650268555, 6.165477275848389, 5.699073791503906, 4.657217502593994, 1.7516772747039795, 1.7380610704421997, 3.0670855045318604, 1.732749342918396, 4.768328666687012, 6.67584753036499, 1.7542210817337036, 4.047488689422607, 1.3561816215515137, 6.541744709014893, 2.8524999618530273, 1.7764880657196045, 1.6975998878479004, 2.960749864578247, 3.1080284118652344, 1.5194036960601807, 1.429673433303833, 2.151259183883667, 1.6305817365646362, 0.9142600297927856, 2.832615852355957, 0.6542824506759644, 1.1341959238052368, 1.1297303438186646, 0.273956835269928, 2.2746405601501465, 1.0706546306610107, 0.9455548524856567, 0.7457223534584045, 0.9973934888839722, 0.9480550289154053, 0.631051778793335, 0.34450581669807434, 0.8937054872512817, 0.6343162059783936, 1.5946791172027588, 0.533646285533905, 0.2878594398498535, 0.4784315526485443, 0.3721083700656891, 0.4749071002006531, 0.2919749617576599, 0.12642790377140045, 0.02938195690512657, 0.06059892475605011, 0.09148967266082764, 12.412816047668457, 8.232778549194336, 4.830708980560303, 5.020004749298096, 7.992809295654297, 6.961933135986328, 6.0455427169799805, 6.129778861999512, 9.727946281433105, 4.695347785949707, 4.689777374267578, 10.228553771972656, 6.4403791427612305, 5.330784320831299, 3.086378335952759, 5.408031463623047, 7.174126148223877, 7.821272373199463, 5.002347469329834, 6.1197614669799805, 4.790335655212402, 9.931652069091797, 8.41242504119873, 3.283198833465576, 2.413595199584961, 2.686779022216797, 7.323028564453125, 17.829559326171875, 9.302399635314941, 4.018215656280518, 1.6379203796386719, 4.7148966789245605, 6.58097505569458, 8.079071998596191, 36.168495178222656, 17.5052490234375, 4.8315606117248535, 24.26291275024414, 14.463557243347168, 2.6131885051727295, 13.164201736450195, 7.102468490600586, 29.314786911010742, 24.6141357421875, 11.620396614074707, 14.28207015991211, 8.561352729797363, 21.69647789001465, 14.832353591918945, 20.546934127807617, 15.389742851257324, 21.424978256225586, 22.38644027709961, 14.869622230529785, 24.825420379638672, 185.00662231445312, 59.619117736816406, 70.68224334716797], "true": [66.0, 65.0, 64.0, 63.0, 62.0, 61.0, 60.0, 59.0, 58.0, 57.0, 56.0, 55.0, 54.0, 53.0, 52.0, 51.0, 50.0, 49.0, 48.0, 47.0, 46.0, 45.0, 44.0, 43.0, 42.0, 41.0, 40.0, 39.0, 38.0, 37.0, 36.0, 35.0, 34.0, 33.0, 32.0, 31.0, 30.0, 29.0, 28.0, 27.0, 26.0, 25.0, 24.0, 23.0, 22.0, 21.0, 20.0, 19.0, 18.0, 17.0, 16.0, 15.0, 14.0, 13.0, 12.0, 11.0, 10.0, 9.0, 8.0, 7.0, 6.0, 5.0, 4.0, 3.0, 2.0, 1.0, 0.0, 120.0, 120.0, 120.0, 120.0, 120.0, 120.0, 120.0, 120.0, 120.0, 120.0, 120.0, 120.0, 120.0, 120.0, 120.0, 120.0, 120.0, 119.0, 118.0, 117.0, 116.0, 115.0, 114.0, 113.0, 112.0, 111.0, 110.0, 109.0, 108.0, 107.0, 106.0, 105.0, 104.0, 103.0, 102.0, 101.0, 100.0, 99.0, 98.0, 97.0, 96.0, 95.0, 94.0, 93.0, 92.0, 91.0, 90.0, 89.0, 88.0, 87.0, 86.0, 85.0, 84.0, 83.0, 82.0, 81.0, 80.0, 79.0], "RMSE": 12.19}