{"mean": [48.334781646728516, 60.6822395324707, 50.938934326171875, 56.93912887573242, 50.84219741821289, 55.28685760498047, 50.21610641479492, 54.496734619140625, 50.30434799194336, 58.63042068481445, 48.174964904785156, 54.72902297973633, 47.246437072753906, 55.986976623535156, 42.42918014526367, 56.820404052734375, 46.3900032043457, 52.852874755859375, 45.15668487548828, 57.982261657714844, 44.72001647949219, 54.861572265625, 43.34479904174805, 55.29503631591797, 42.750885009765625, 55.355445861816406, 41.65034866333008, 53.491539001464844, 38.99204635620117, 51.983116149902344, 37.08837127685547, 49.09547424316406, 36.706878662109375, 49.05448913574219, 35.97500228881836, 50.10839080810547, 33.988739013671875, 49.78237533569336, 35.75237274169922, 50.37929916381836, 37.95148468017578, 51.572593688964844, 34.678504943847656, 49.19182586669922, 28.73819351196289, 47.79320526123047, 23.493419647216797, 48.04576873779297, 24.857585906982422, 47.037872314453125, 20.515640258789062, 42.025962829589844, 18.60709571838379, 41.28033447265625, 16.590816497802734, 39.834632873535156, 18.11477279663086, 36.429649353027344, 16.676733016967773, 35.23706817626953, 13.991907119750977, 37.255836486816406, 14.167112350463867, 38.51013946533203, 13.73619556427002, 38.230140686035156, 12.734827041625977, 36.80066680908203, 11.836259841918945, 35.95564651489258, 11.545796394348145, 37.17918395996094, 8.564417839050293, 37.48283386230469, 7.38610315322876, 39.375099182128906, 6.213144779205322, 40.59379577636719, 4.901848793029785, 38.57524108886719, 3.883479595184326, 37.2320442199707, 2.786612033843994, 37.620941162109375, 2.4955782890319824, 35.674034118652344, 2.0470783710479736, 36.48360824584961, 1.820448637008667, 38.798545837402344, 34.66574478149414, 114.09544372558594, 32.61331558227539, 116.6280288696289, 29.922048568725586, 117.29936218261719, 30.16937255859375, 116.4996109008789, 29.683712005615234, 117.13996887207031, 27.91713523864746, 115.8873062133789, 27.169713973999023, 118.46646881103516, 27.565994262695312, 118.23704528808594, 31.571796417236328, 115.51248931884766, 29.045541763305664, 117.19535827636719, 29.6711368560791, 114.30899810791016, 26.553686141967773, 112.63340759277344, 23.249248504638672, 114.28277587890625, 22.53180503845215, 115.84754943847656, 26.144744873046875, 114.5622329711914, 26.878414154052734, 110.534912109375, 20.971359252929688, 113.13387298583984, 21.6237850189209], "var": [5.0787200927734375, 11.063028335571289, 10.538188934326172, 21.92825698852539, 2.1835358142852783, 16.523221969604492, 2.4464330673217773, 8.17479133605957, 3.646348237991333, 11.894989013671875, 3.4901323318481445, 6.624716758728027, 1.9168740510940552, 11.620767593383789, 1.481934905052185, 5.252041816711426, 2.544633150100708, 2.8722634315490723, 1.3745161294937134, 17.636295318603516, 7.034738540649414, 4.351792812347412, 3.5080976486206055, 4.735279560089111, 1.8571867942810059, 13.4757719039917, 2.719636917114258, 4.572275161743164, 4.882198333740234, 8.198423385620117, 3.782752752304077, 9.755176544189453, 8.503766059875488, 10.345478057861328, 7.0613861083984375, 5.696661472320557, 2.816680431365967, 12.434158325195312, 3.465585708618164, 1.9252508878707886, 3.6748175621032715, 2.6725924015045166, 2.861600399017334, 4.929835796356201, 2.845757484436035, 1.3694466352462769, 0.854163646697998, 5.306746482849121, 1.6413365602493286, 1.6673423051834106, 1.6000139713287354, 2.0734901428222656, 1.5182833671569824, 2.8820457458496094, 0.9087724685668945, 9.957326889038086, 1.4236464500427246, 6.493098735809326, 1.4220596551895142, 3.5367350578308105, 1.2040408849716187, 4.408869743347168, 1.1945379972457886, 2.385498523712158, 0.6349197030067444, 5.011318683624268, 0.8436045050621033, 1.7001023292541504, 0.3982955515384674, 4.347446918487549, 0.9375041723251343, 1.5717322826385498, 0.8997854590415955, 1.9929968118667603, 0.9571942687034607, 5.564651012420654, 0.27413031458854675, 1.3271039724349976, 0.2369629144668579, 5.542117118835449, 0.22756095230579376, 4.419098854064941, 0.23496341705322266, 3.4219610691070557, 0.1598273515701294, 3.729069471359253, 0.10045275837182999, 5.412350177764893, 0.08879604190587997, 1.1514524221420288, 2.594249963760376, 16.7878475189209, 2.058762311935425, 6.795064926147461, 1.6382921934127808, 5.6979594230651855, 1.3802534341812134, 12.534071922302246, 2.650810956954956, 22.924789428710938, 1.6977709531784058, 14.853561401367188, 1.1388300657272339, 11.329858779907227, 3.892591714859009, 8.172929763793945, 7.731481552124023, 5.9248528480529785, 2.773712396621704, 4.198631286621094, 1.9774776697158813, 18.777359008789062, 2.382535457611084, 7.668344974517822, 5.356867790222168, 22.38484001159668, 2.5815398693084717, 33.33434295654297, 2.3659579753875732, 8.89041805267334, 0.8397181034088135, 12.209599494934082, 0.7734750509262085, 20.529125213623047, 1.1869933605194092], "true": [44.0, 87.0, 43.0, 86.0, 42.0, 85.0, 41.0, 84.0, 40.0, 83.0, 39.0, 82.0, 38.0, 81.0, 37.0, 80.0, 36.0, 79.0, 35.0, 78.0, 34.0, 77.0, 33.0, 76.0, 32.0, 75.0, 31.0, 74.0, 30.0, 73.0, 29.0, 72.0, 28.0, 71.0, 27.0, 70.0, 26.0, 69.0, 25.0, 68.0, 24.0, 67.0, 23.0, 66.0, 22.0, 65.0, 21.0, 64.0, 20.0, 63.0, 19.0, 62.0, 18.0, 61.0, 17.0, 60.0, 16.0, 59.0, 15.0, 58.0, 14.0, 57.0, 13.0, 56.0, 12.0, 55.0, 11.0, 54.0, 10.0, 53.0, 9.0, 52.0, 8.0, 51.0, 7.0, 50.0, 6.0, 49.0, 5.0, 48.0, 4.0, 47.0, 3.0, 46.0, 2.0, 45.0, 1.0, 44.0, 0.0, 43.0, 42.0, 120.0, 41.0, 120.0, 40.0, 120.0, 39.0, 120.0, 38.0, 120.0, 37.0, 120.0, 36.0, 120.0, 35.0, 120.0, 34.0, 120.0, 33.0, 120.0, 32.0, 120.0, 31.0, 120.0, 30.0, 120.0, 29.0, 120.0, 28.0, 120.0, 27.0, 120.0, 26.0, 120.0, 25.0], "RMSE": 12.83}