{"mean": [99.19187927246094, 25.378013610839844, 98.84867858886719, 28.024112701416016, 100.1070785522461, 28.16632080078125, 100.14839935302734, 25.68414306640625, 104.6272201538086, 25.732254028320312, 96.47026062011719, 23.670122146606445, 88.25890350341797, 23.830007553100586, 84.42784881591797, 20.47817611694336, 92.58383178710938, 19.85449981689453, 91.47730255126953, 19.285364151000977, 97.94337463378906, 18.22201919555664, 96.40869140625, 15.246749877929688, 89.0494155883789, 14.56755256652832, 90.02898406982422, 13.713056564331055, 92.34974670410156, 13.345849990844727, 89.22699737548828, 11.911761283874512, 92.71566772460938, 12.377171516418457, 84.7343978881836, 8.761822700500488, 85.27293395996094, 7.768690586090088, 89.80664825439453, 8.11499309539795, 88.02833557128906, 7.25960636138916, 89.52156066894531, 6.139419078826904, 87.52808380126953, 5.134021282196045, 88.04414367675781, 3.9973292350769043, 86.85147094726562, 3.7018933296203613, 92.43936157226562, 2.7137808799743652, 95.00618743896484, 2.3963921070098877, 89.7291488647461, 2.2000555992126465, 86.721435546875, 1.6885864734649658, 87.33472442626953, 2.032165050506592, 87.2115249633789, 2.037393808364868, 81.24162292480469, 102.34736633300781, 97.18995666503906, 73.44000244140625, 100.24909210205078, 80.3908920288086, 100.33457946777344, 77.81978607177734, 102.0458755493164, 74.87004089355469, 96.30506134033203, 72.20014953613281, 103.88420104980469, 72.15316009521484, 107.62648010253906, 70.38827514648438, 102.4118881225586, 67.04179382324219, 100.3663330078125, 68.94377899169922, 107.8160629272461, 68.90709686279297, 107.16300201416016, 68.23878479003906, 104.6601791381836, 66.314453125, 109.58811950683594, 68.00474548339844, 101.44073486328125, 64.17680358886719, 110.55351257324219, 68.90594482421875, 108.8812484741211, 62.72370147705078, 103.32269287109375, 64.33229064941406, 111.82191467285156, 64.57247161865234, 113.6520004272461, 62.25861358642578, 109.9620132446289, 65.40118408203125, 110.59771728515625, 58.007843017578125, 111.01966857910156, 59.768310546875, 107.53746032714844, 64.27725982666016, 105.84169006347656, 66.17448425292969, 104.74820709228516, 61.07183837890625, 103.2396240234375, 60.80922317504883, 105.54585266113281, 60.969879150390625], "var": [132.130615234375, 0.6328598856925964, 108.42019653320312, 1.9942057132720947, 91.68062591552734, 0.8661893606185913, 151.73719787597656, 1.073481798171997, 74.63581085205078, 2.9255669116973877, 72.03225708007812, 1.5004817247390747, 39.88066101074219, 2.0032551288604736, 69.68042755126953, 1.682726502418518, 106.32710266113281, 0.7811371684074402, 44.048736572265625, 0.30642300844192505, 85.30358123779297, 1.2306126356124878, 62.41842269897461, 1.938326358795166, 70.29313659667969, 0.5150363445281982, 53.781646728515625, 0.9643675684928894, 90.23970031738281, 1.067807674407959, 83.91800689697266, 0.6626628041267395, 58.68289566040039, 0.3238605856895447, 31.48431396484375, 0.8905033469200134, 49.27448654174805, 0.6224245429039001, 88.98163604736328, 0.4280567169189453, 45.974449157714844, 0.4214683473110199, 121.15816497802734, 0.41924235224723816, 121.94536590576172, 0.11046263575553894, 112.9763412475586, 0.0792517140507698, 146.2260284423828, 0.34120598435401917, 44.76426696777344, 0.22665758430957794, 179.69833374023438, 0.2412022054195404, 60.16486358642578, 0.22167576849460602, 122.09810638427734, 0.0554724782705307, 82.10000610351562, 0.2921968400478363, 126.66015625, 0.12285031378269196, 71.681884765625, 106.99000549316406, 129.6226348876953, 17.872772216796875, 142.68919372558594, 49.62343215942383, 139.61790466308594, 49.16627502441406, 115.82144165039062, 87.01782989501953, 78.709228515625, 23.743167877197266, 73.7322006225586, 21.416229248046875, 37.235103607177734, 17.18379020690918, 151.96368408203125, 18.092233657836914, 104.51025390625, 14.989102363586426, 100.43172454833984, 16.883821487426758, 44.21609115600586, 18.45477867126465, 89.02605438232422, 9.316258430480957, 13.210737228393555, 11.31485652923584, 98.23382568359375, 3.8385605812072754, 65.31306457519531, 86.37036895751953, 87.65342712402344, 15.470499992370605, 95.99694061279297, 10.812190055847168, 55.257442474365234, 9.8406400680542, 16.010656356811523, 8.143744468688965, 22.685544967651367, 64.55487823486328, 14.294473648071289, 12.410110473632812, 42.82777786254883, 11.343597412109375, 110.2928466796875, 25.93123435974121, 98.24703216552734, 55.805999755859375, 95.90167236328125, 30.300296783447266, 46.212982177734375, 20.046091079711914, 48.15492248535156, 10.819734573364258], "true": [120.0, 30.0, 120.0, 29.0, 120.0, 28.0, 120.0, 27.0, 120.0, 26.0, 120.0, 25.0, 120.0, 24.0, 120.0, 23.0, 120.0, 22.0, 120.0, 21.0, 120.0, 20.0, 120.0, 19.0, 120.0, 18.0, 120.0, 17.0, 120.0, 16.0, 120.0, 15.0, 120.0, 14.0, 120.0, 13.0, 120.0, 12.0, 120.0, 11.0, 120.0, 10.0, 120.0, 9.0, 120.0, 8.0, 120.0, 7.0, 120.0, 6.0, 120.0, 5.0, 120.0, 4.0, 120.0, 3.0, 120.0, 2.0, 120.0, 1.0, 120.0, 0.0, 120.0, 120.0, 120.0, 119.0, 120.0, 118.0, 120.0, 117.0, 120.0, 116.0, 120.0, 115.0, 120.0, 114.0, 120.0, 113.0, 120.0, 112.0, 120.0, 111.0, 120.0, 110.0, 120.0, 109.0, 120.0, 108.0, 120.0, 107.0, 120.0, 106.0, 120.0, 105.0, 120.0, 104.0, 120.0, 103.0, 120.0, 102.0, 120.0, 101.0, 120.0, 100.0, 120.0, 99.0, 120.0, 98.0, 120.0, 97.0, 120.0, 96.0, 120.0, 95.0, 120.0, 94.0, 120.0, 93.0], "RMSE": 25.24}