{"mean": [103.9312744140625, 14.833974838256836, 99.74107360839844, 15.765480041503906, 98.9065933227539, 13.831324577331543, 101.40776062011719, 11.060481071472168, 98.3152847290039, 11.138336181640625, 90.88197326660156, 10.908747673034668, 100.80424499511719, 9.870168685913086, 102.49825286865234, 8.1414213180542, 99.37674713134766, 7.504776954650879, 108.98187255859375, 7.046085357666016, 101.2119369506836, 7.0338945388793945, 106.34748840332031, 6.252154350280762, 100.17952728271484, 4.5209856033325195, 100.9504623413086, 4.943656921386719, 103.55545806884766, 5.10249662399292, 101.67333984375, 3.0890769958496094, 101.50984954833984, 2.70985746383667, 94.96163177490234, 2.0957136154174805, 92.18568420410156, 1.8670648336410522, 89.97799682617188, 1.8316726684570312, 89.23052978515625, 1.5396708250045776, 83.85620880126953, 92.92266845703125, 89.35648345947266, 118.3843994140625, 92.5144271850586, 120.72972106933594, 90.55992126464844, 118.9005355834961, 84.61735534667969, 118.65828704833984, 79.46605682373047, 116.7443618774414, 86.12806701660156, 117.73240661621094, 83.71449279785156, 118.42867279052734, 87.37983703613281, 119.80523681640625, 81.36048889160156, 119.39176177978516, 83.1791000366211, 120.91890716552734, 83.20072937011719, 119.45809173583984, 82.37564086914062, 119.11041259765625, 78.48739624023438, 119.3469009399414, 87.2678451538086, 117.06697082519531, 80.88714599609375, 120.4602279663086, 78.38762664794922, 120.21971130371094, 85.25608825683594, 118.08958435058594, 88.81769561767578, 117.95344543457031, 91.6669692993164, 120.2357177734375, 98.8468246459961, 118.62876892089844, 98.07695007324219, 119.24700927734375, 96.86854553222656, 116.68284606933594, 89.44231414794922, 117.99552917480469, 84.59663391113281, 117.68534851074219, 85.83927917480469, 120.0506820678711, 85.62689208984375, 117.90201568603516, 79.56489562988281, 116.93359375, 85.21662902832031, 118.80348205566406, 77.15408325195312, 119.2232894897461, 73.91100311279297, 117.10137939453125, 72.7761459350586, 119.40830993652344, 65.31342315673828, 117.59086608886719], "var": [45.52909469604492, 0.5871583223342896, 75.38853454589844, 1.494774580001831, 125.96556854248047, 1.5484201908111572, 73.18992614746094, 1.08442223072052, 68.79808044433594, 0.3570080101490021, 41.559791564941406, 1.229814052581787, 61.87842559814453, 0.3421471118927002, 53.89216613769531, 0.6394348740577698, 106.60858154296875, 0.740536093711853, 35.30760955810547, 1.1193126440048218, 123.51412963867188, 0.304220974445343, 95.62651062011719, 0.8873958587646484, 136.33511352539062, 0.3208446800708771, 33.9317512512207, 0.48847609758377075, 71.74272918701172, 0.6930747628211975, 104.2176513671875, 0.8603286743164062, 88.02906799316406, 0.21107637882232666, 127.57408142089844, 0.14509205520153046, 112.83657836914062, 0.09830579906702042, 86.98800659179688, 0.1504162847995758, 109.66252899169922, 0.08738163113594055, 47.59084701538086, 149.19769287109375, 68.61676025390625, 9.068280220031738, 114.15643310546875, 7.193441390991211, 87.04048919677734, 11.578049659729004, 30.849308013916016, 6.56108283996582, 64.12989807128906, 3.0967442989349365, 42.29704666137695, 2.2593235969543457, 53.573551177978516, 9.908635139465332, 64.05872344970703, 7.132603168487549, 65.68103790283203, 5.910806179046631, 72.7358169555664, 7.343842029571533, 48.44940185546875, 8.674044609069824, 101.69935607910156, 14.729734420776367, 28.278728485107422, 8.224090576171875, 111.85527038574219, 29.363506317138672, 75.53086853027344, 3.2396464347839355, 114.61185455322266, 11.769038200378418, 163.25701904296875, 8.391267776489258, 27.30129051208496, 6.084874153137207, 109.50193786621094, 13.602560043334961, 44.6502685546875, 3.567268133163452, 43.22138214111328, 15.728973388671875, 69.76639556884766, 12.344956398010254, 101.66407012939453, 23.63947105407715, 57.09280014038086, 6.212388515472412, 90.66622924804688, 10.944038391113281, 59.08828353881836, 14.003815650939941, 103.36825561523438, 13.040645599365234, 123.13230895996094, 12.989233016967773, 72.9592056274414, 4.663325786590576, 36.404170989990234, 9.0689115524292, 67.30121612548828, 7.9108147621154785, 13.704551696777344, 13.45719051361084], "true": [120.0, 20.0, 120.0, 19.0, 120.0, 18.0, 120.0, 17.0, 120.0, 16.0, 120.0, 15.0, 120.0, 14.0, 120.0, 13.0, 120.0, 12.0, 120.0, 11.0, 120.0, 10.0, 120.0, 9.0, 120.0, 8.0, 120.0, 7.0, 120.0, 6.0, 120.0, 5.0, 120.0, 4.0, 120.0, 3.0, 120.0, 2.0, 120.0, 1.0, 120.0, 0.0, 120.0, 120.0, 119.0, 120.0, 118.0, 120.0, 117.0, 120.0, 116.0, 120.0, 115.0, 120.0, 114.0, 120.0, 113.0, 120.0, 112.0, 120.0, 111.0, 120.0, 110.0, 120.0, 109.0, 120.0, 108.0, 120.0, 107.0, 120.0, 106.0, 120.0, 105.0, 120.0, 104.0, 120.0, 103.0, 120.0, 102.0, 120.0, 101.0, 120.0, 100.0, 120.0, 99.0, 120.0, 98.0, 120.0, 97.0, 120.0, 96.0, 120.0, 95.0, 120.0, 94.0, 120.0, 93.0, 120.0, 92.0, 120.0, 91.0, 120.0, 90.0, 120.0, 89.0, 120.0, 88.0, 120.0], "RMSE": 15.6}