{"mean": [86.8364486694336, 70.0858383178711, 89.31846618652344, 67.4030532836914, 87.72079467773438, 66.36253356933594, 89.07133483886719, 63.262939453125, 84.45600128173828, 62.747657775878906, 75.94722747802734, 61.743690490722656, 77.47283172607422, 59.37177658081055, 77.68745422363281, 58.453086853027344, 76.97755432128906, 57.66736602783203, 76.72187805175781, 56.100341796875, 76.22040557861328, 55.46656036376953, 75.37997436523438, 54.15470504760742, 68.41532897949219, 54.7664909362793, 69.31219482421875, 52.85536575317383, 72.69486999511719, 46.72349548339844, 67.1847915649414, 43.5071907043457, 65.53572082519531, 42.96308898925781, 66.61148834228516, 41.31744384765625, 65.77366638183594, 40.44258117675781, 61.328025817871094, 41.62525939941406, 59.212127685546875, 39.7557373046875, 58.018707275390625, 37.690513610839844, 61.08485794067383, 37.60912322998047, 61.8720588684082, 39.796443939208984, 58.888404846191406, 39.81330871582031, 58.11896896362305, 36.15849685668945, 57.34381103515625, 37.83826446533203, 56.71558380126953, 36.162208557128906, 52.85334396362305, 36.3733024597168, 56.111328125, 35.75804901123047, 56.711875915527344, 34.793701171875, 56.02714920043945, 32.56199264526367, 51.906883239746094, 31.61344337463379, 49.38180923461914, 29.669336318969727, 51.51433181762695, 30.689422607421875, 47.81128692626953, 29.90960693359375, 47.725650787353516, 30.24407386779785, 45.490230560302734, 30.02488136291504, 44.28133010864258, 27.61895179748535, 46.18299865722656, 26.666461944580078, 44.92545700073242, 25.717845916748047, 44.91216278076172, 24.1994686126709, 41.6205940246582, 22.7224063873291, 43.23799514770508, 21.123035430908203, 42.28777313232422, 19.10833168029785, 38.004486083984375, 16.264863967895508, 39.91849899291992, 16.51803970336914, 40.179290771484375, 15.84192943572998, 39.397090911865234, 16.270843505859375, 36.10498809814453, 13.913457870483398, 36.29585266113281, 12.557912826538086, 36.7974739074707, 11.166351318359375, 35.60169219970703, 9.349574089050293, 32.53335189819336, 8.50605297088623, 32.66959762573242, 9.046584129333496, 26.8410701751709, 7.644155979156494, 27.2247314453125, 5.796597957611084, 22.774187088012695, 4.819817543029785, 21.989452362060547, 4.6991119384765625, 23.336380004882812, 3.527860641479492, 20.95041275024414, 2.4701850414276123, 16.75092887878418, 2.625187397003174], "var": [83.02455139160156, 12.707610130310059, 69.75146484375, 14.256814002990723, 79.66618347167969, 11.3924560546875, 119.29452514648438, 14.580832481384277, 60.4040641784668, 12.29057502746582, 12.087420463562012, 14.900912284851074, 21.31524085998535, 12.983621597290039, 24.4074649810791, 13.202698707580566, 41.96224594116211, 14.94403076171875, 15.203997611999512, 3.324052095413208, 28.597606658935547, 14.760295867919922, 86.89690399169922, 10.658132553100586, 21.43264389038086, 4.758065223693848, 40.553436279296875, 2.3831794261932373, 12.980255126953125, 7.857222080230713, 13.632502555847168, 1.9202889204025269, 10.507078170776367, 4.879514217376709, 35.353580474853516, 1.9196925163269043, 10.86550521850586, 1.8724067211151123, 14.585609436035156, 2.4985718727111816, 8.91148567199707, 4.674495697021484, 7.152199745178223, 2.310871124267578, 14.696046829223633, 2.484989643096924, 11.280620574951172, 2.36841082572937, 13.552239418029785, 1.4131704568862915, 6.480506420135498, 3.413714647293091, 15.116582870483398, 1.1036365032196045, 20.722612380981445, 3.57487416267395, 11.357722282409668, 1.3121922016143799, 9.691452980041504, 2.15872859954834, 11.876836776733398, 3.3510284423828125, 6.48459529876709, 4.469518661499023, 4.043548583984375, 1.0943374633789062, 5.819227695465088, 4.594282150268555, 4.741505146026611, 0.5369669198989868, 5.269851207733154, 2.158233404159546, 14.214072227478027, 2.2973713874816895, 0.3996971547603607, 3.0167436599731445, 2.9828662872314453, 1.0463049411773682, 3.7876226902008057, 1.753750205039978, 3.1956450939178467, 2.6989779472351074, 4.278100490570068, 3.4355416297912598, 3.599903106689453, 1.6760389804840088, 3.543576240539551, 0.6726621985435486, 4.412256240844727, 0.878935694694519, 1.4953851699829102, 1.0536707639694214, 1.6635934114456177, 1.1373902559280396, 2.238812208175659, 0.36047032475471497, 5.517584323883057, 0.7061733603477478, 2.931257963180542, 0.9647653698921204, 3.0061452388763428, 0.741223931312561, 1.7190123796463013, 0.5046547651290894, 0.9846866726875305, 0.48663029074668884, 2.780543327331543, 0.12912780046463013, 3.439596652984619, 0.748315691947937, 1.6680924892425537, 0.6843615770339966, 2.085845947265625, 0.909933865070343, 3.1142311096191406, 0.7511592507362366, 2.7344367504119873, 0.24253810942173004, 2.17600417137146, 0.20547765493392944, 2.001211166381836, 0.262879341840744, 1.1627051830291748, 0.2574344873428345], "true": [72.0, 65.0, 71.0, 64.0, 70.0, 63.0, 69.0, 62.0, 68.0, 61.0, 67.0, 60.0, 66.0, 59.0, 65.0, 58.0, 64.0, 57.0, 63.0, 56.0, 62.0, 55.0, 61.0, 54.0, 60.0, 53.0, 59.0, 52.0, 58.0, 51.0, 57.0, 50.0, 56.0, 49.0, 55.0, 48.0, 54.0, 47.0, 53.0, 46.0, 52.0, 45.0, 51.0, 44.0, 50.0, 43.0, 49.0, 42.0, 48.0, 41.0, 47.0, 40.0, 46.0, 39.0, 45.0, 38.0, 44.0, 37.0, 43.0, 36.0, 42.0, 35.0, 41.0, 34.0, 40.0, 33.0, 39.0, 32.0, 38.0, 31.0, 37.0, 30.0, 36.0, 29.0, 35.0, 28.0, 34.0, 27.0, 33.0, 26.0, 32.0, 25.0, 31.0, 24.0, 30.0, 23.0, 29.0, 22.0, 28.0, 21.0, 27.0, 20.0, 26.0, 19.0, 25.0, 18.0, 24.0, 17.0, 23.0, 16.0, 22.0, 15.0, 21.0, 14.0, 20.0, 13.0, 19.0, 12.0, 18.0, 11.0, 17.0, 10.0, 16.0, 9.0, 15.0, 8.0, 14.0, 7.0, 13.0, 6.0, 12.0, 5.0, 11.0, 4.0], "RMSE": 9.13}