{"mean": [95.23955535888672, 7.494622230529785, 92.84317779541016, 5.1034955978393555, 89.48958587646484, 4.371727466583252, 85.0928726196289, 3.5445199012756348, 86.62794494628906, 2.7914958000183105, 83.49699401855469, 2.5281593799591064, 83.2833480834961, 2.367621898651123, 86.47711181640625, 87.50447845458984, 110.71006774902344, 77.8342056274414, 111.25911712646484, 84.06834411621094, 103.635986328125, 75.60310363769531, 108.86518859863281, 74.90816497802734, 106.77507019042969, 74.51361083984375, 97.07652282714844, 70.90968322753906, 105.8455581665039, 69.53657531738281, 102.73493957519531, 70.49783325195312, 104.49592590332031, 72.65103912353516, 103.09615325927734, 68.5602798461914, 99.34097290039062, 68.15576171875, 104.92476654052734, 65.43474578857422, 104.0670394897461, 66.39332580566406, 103.27630615234375, 61.179931640625, 101.56455993652344, 61.56780242919922, 95.61912536621094, 58.084877014160156, 93.29489135742188, 57.46790313720703, 98.91280364990234, 56.454505920410156, 96.83704376220703, 56.17559814453125, 100.22344207763672, 52.74383544921875, 94.83528137207031, 50.19499588012695, 95.67493438720703, 49.1968879699707, 99.91431427001953, 48.36212158203125, 95.346923828125, 46.373756408691406, 92.51591491699219, 45.47134780883789, 93.49122619628906, 48.23747634887695, 95.68402862548828, 43.822776794433594, 99.03760528564453, 42.315711975097656, 97.77751922607422, 42.33814239501953, 96.39048767089844, 40.815555572509766, 93.79331970214844, 38.23203659057617, 96.89727020263672, 36.96991729736328, 90.30296325683594, 35.03543472290039, 102.6270751953125, 32.36209487915039, 94.81617736816406, 33.93091583251953, 100.90963745117188, 33.74345016479492, 99.38914489746094, 30.803024291992188, 107.85709381103516, 29.700252532958984, 103.74565124511719, 33.886322021484375, 112.35600280761719, 33.8536491394043, 105.8463134765625, 35.102783203125, 105.8039779663086, 33.81719207763672, 98.0645523071289, 34.68854904174805, 95.34837341308594, 32.301883697509766, 102.5084228515625, 31.250518798828125, 101.85044860839844, 27.936260223388672], "var": [33.010902404785156, 0.40491941571235657, 80.33790588378906, 0.20224067568778992, 87.17035675048828, 0.46190300583839417, 74.21893310546875, 0.12188605964183807, 49.53511047363281, 0.2310512512922287, 92.43426513671875, 0.16596682369709015, 113.19596099853516, 0.12077836692333221, 30.37787628173828, 54.23434829711914, 49.69770812988281, 23.38759994506836, 54.94101333618164, 43.93071365356445, 134.21954345703125, 30.79047393798828, 59.28919219970703, 28.424274444580078, 47.61709213256836, 6.832833766937256, 156.55419921875, 24.9272403717041, 102.8640365600586, 24.103004455566406, 84.04035186767578, 20.837621688842773, 131.65248107910156, 16.070356369018555, 84.00105285644531, 4.404750823974609, 181.81654357910156, 9.252673149108887, 111.49597930908203, 6.381641387939453, 100.66291809082031, 10.186519622802734, 203.28677368164062, 9.927194595336914, 89.3417739868164, 6.829276084899902, 138.40330505371094, 8.826704978942871, 115.2267837524414, 14.2418794631958, 166.14364624023438, 12.631109237670898, 90.58993530273438, 25.168638229370117, 157.65931701660156, 4.603688716888428, 57.95376968383789, 15.0188570022583, 84.22704315185547, 4.034071922302246, 103.59851837158203, 9.035930633544922, 110.8890609741211, 1.8139195442199707, 101.5982666015625, 4.7061262130737305, 62.39585494995117, 2.431149959564209, 133.14564514160156, 1.9718483686447144, 131.12953186035156, 3.9808857440948486, 143.14442443847656, 1.3732407093048096, 149.58985900878906, 3.0079312324523926, 66.23307037353516, 3.5498833656311035, 89.25126647949219, 2.9651591777801514, 61.95262145996094, 4.262321472167969, 138.09165954589844, 7.737509250640869, 148.09890747070312, 3.2213571071624756, 113.72950744628906, 2.2663183212280273, 121.47993469238281, 3.1666669845581055, 72.17455291748047, 2.409552574157715, 77.10021209716797, 1.5415513515472412, 22.971616744995117, 3.511395215988159, 70.59137725830078, 5.021235942840576, 120.87957763671875, 4.293135166168213, 212.89474487304688, 1.19809091091156, 144.95594787597656, 2.879077434539795, 130.57015991210938, 1.419033169746399, 117.29700469970703, 2.7879297733306885], "true": [85.0, 6.0, 84.0, 5.0, 83.0, 4.0, 82.0, 3.0, 81.0, 2.0, 80.0, 1.0, 79.0, 0.0, 78.0, 77.0, 120.0, 76.0, 120.0, 75.0, 120.0, 74.0, 120.0, 73.0, 120.0, 72.0, 120.0, 71.0, 120.0, 70.0, 120.0, 69.0, 120.0, 68.0, 120.0, 67.0, 120.0, 66.0, 120.0, 65.0, 120.0, 64.0, 120.0, 63.0, 120.0, 62.0, 120.0, 61.0, 120.0, 60.0, 120.0, 59.0, 120.0, 58.0, 120.0, 57.0, 120.0, 56.0, 120.0, 55.0, 120.0, 54.0, 120.0, 53.0, 120.0, 52.0, 120.0, 51.0, 120.0, 50.0, 120.0, 49.0, 120.0, 48.0, 120.0, 47.0, 120.0, 46.0, 120.0, 45.0, 120.0, 44.0, 120.0, 43.0, 120.0, 42.0, 120.0, 41.0, 120.0, 40.0, 120.0, 39.0, 120.0, 38.0, 120.0, 37.0, 120.0, 36.0, 120.0, 35.0, 120.0, 34.0, 120.0, 33.0, 120.0, 32.0, 120.0, 31.0], "RMSE": 13.73}