{"mean": [116.0859375, 116.10721588134766, 115.52608489990234, 116.94132995605469, 114.98463439941406, 116.84375, 113.98988342285156, 112.36734771728516, 114.565673828125, 110.78636169433594, 114.2452392578125, 111.94947814941406, 111.90055084228516, 111.74180603027344, 108.31319427490234, 109.49354553222656, 102.9371337890625, 112.35392761230469, 105.31978607177734, 108.6155776977539, 103.9451675415039, 101.55169677734375, 106.35664367675781, 102.01675415039062, 101.96983337402344, 107.9391098022461, 98.13927459716797, 101.33863830566406, 107.56352233886719, 108.3552474975586, 105.65042877197266, 109.6723403930664, 104.7567138671875, 103.8487548828125, 98.45234680175781, 90.35014343261719, 98.95841979980469, 100.58777618408203, 104.00114440917969, 93.4186019897461, 98.08344268798828, 98.15296173095703, 93.50965881347656, 86.23402404785156, 89.7663803100586, 86.45833587646484, 89.89622497558594, 88.92943572998047, 78.04872131347656, 78.87603759765625, 76.74256896972656, 73.91249084472656, 70.90544128417969, 75.88951110839844, 76.19322204589844, 81.06575012207031, 78.45111083984375, 73.06925964355469, 76.46293640136719, 73.10844421386719, 73.5572738647461, 66.16051483154297, 64.20797729492188, 61.221290588378906, 63.60941696166992, 61.02191162109375, 59.8774299621582, 58.263580322265625, 54.62144088745117, 57.4853515625, 56.002532958984375, 52.1113395690918, 43.90748977661133, 46.81810760498047, 49.94485092163086, 50.320796966552734, 46.56888961791992, 45.40237045288086, 43.91757583618164, 41.48881530761719, 45.685062408447266, 40.9819450378418, 41.59144592285156, 41.27041244506836, 45.967288970947266, 44.12971496582031, 49.743873596191406, 48.83761978149414, 46.619998931884766, 42.31493377685547, 41.68889236450195, 39.646060943603516, 36.40873718261719, 39.503379821777344, 39.923763275146484, 37.71379852294922, 38.186012268066406, 35.477840423583984, 36.75808334350586, 36.017242431640625, 29.554433822631836, 29.22355079650879, 31.2915096282959, 28.248291015625, 28.552017211914062, 26.317211151123047, 23.683652877807617, 24.461538314819336, 22.160444259643555, 20.064556121826172, 18.28003692626953, 17.544620513916016, 17.35750961303711, 14.519139289855957, 14.045437812805176, 12.225889205932617, 12.510047912597656, 9.628313064575195, 6.561243534088135, 7.233716011047363, 5.223696231842041, 3.422797441482544, 2.7389025688171387, 2.754633665084839, 1.9515855312347412, 2.194213390350342, 1.4521726369857788], "var": [24.919275283813477, 12.661703109741211, 25.123306274414062, 8.430241584777832, 31.9228572845459, 4.326461315155029, 28.4606876373291, 27.59505844116211, 34.45993423461914, 45.586509704589844, 14.588481903076172, 45.77735137939453, 25.866376876831055, 19.04936408996582, 92.20240783691406, 47.8541145324707, 44.03205490112305, 40.23704147338867, 103.5897216796875, 61.37751007080078, 49.25274658203125, 38.747459411621094, 59.85927200317383, 60.69023132324219, 79.26250457763672, 59.39748001098633, 81.25419616699219, 106.91191101074219, 58.66987228393555, 63.90580749511719, 42.21248245239258, 101.18734741210938, 88.07124328613281, 78.25646209716797, 114.75489044189453, 76.4950180053711, 146.79786682128906, 130.6175994873047, 94.00475311279297, 42.62434768676758, 98.09123992919922, 43.12791061401367, 74.33091735839844, 94.66554260253906, 68.41031646728516, 103.56919860839844, 50.76897048950195, 45.95450210571289, 51.25803756713867, 131.65420532226562, 83.25870513916016, 22.46409034729004, 19.07939338684082, 10.863673210144043, 40.401145935058594, 159.0554656982422, 104.71575927734375, 44.00215148925781, 70.91666412353516, 29.73690414428711, 47.48472595214844, 17.225797653198242, 25.197128295898438, 71.16219329833984, 44.5114860534668, 21.184907913208008, 47.512081146240234, 17.85625648498535, 33.767547607421875, 35.343109130859375, 23.20160484313965, 23.794742584228516, 7.784341812133789, 17.009605407714844, 8.673510551452637, 15.991488456726074, 22.159250259399414, 16.985273361206055, 22.3588809967041, 21.41858673095703, 22.811115264892578, 14.83517837524414, 6.225614070892334, 29.564281463623047, 20.798725128173828, 6.115078926086426, 34.23023986816406, 24.957401275634766, 24.553035736083984, 13.674448013305664, 9.950862884521484, 13.700739860534668, 5.160582065582275, 8.34769344329834, 12.075569152832031, 15.07325553894043, 9.460555076599121, 7.425057888031006, 13.717181205749512, 8.241384506225586, 5.096945762634277, 10.731866836547852, 4.858497619628906, 3.7491002082824707, 5.623049736022949, 4.084372043609619, 2.2733473777770996, 5.497570037841797, 2.0829381942749023, 2.0474228858947754, 1.9548959732055664, 1.8397631645202637, 0.7133823037147522, 0.8015574216842651, 0.62746661901474, 1.030762791633606, 1.4634308815002441, 0.9081398844718933, 0.35399699211120605, 0.44997087121009827, 1.3958604335784912, 0.0920141339302063, 0.09655975550413132, 0.263561487197876, 0.15324683487415314, 0.20093201100826263, 0.21154005825519562], "true": [120.0, 120.0, 120.0, 120.0, 120.0, 120.0, 120.0, 119.0, 118.0, 117.0, 116.0, 115.0, 114.0, 113.0, 112.0, 111.0, 110.0, 109.0, 108.0, 107.0, 106.0, 105.0, 104.0, 103.0, 102.0, 101.0, 100.0, 99.0, 98.0, 97.0, 96.0, 95.0, 94.0, 93.0, 92.0, 91.0, 90.0, 89.0, 88.0, 87.0, 86.0, 85.0, 84.0, 83.0, 82.0, 81.0, 80.0, 79.0, 78.0, 77.0, 76.0, 75.0, 74.0, 73.0, 72.0, 71.0, 70.0, 69.0, 68.0, 67.0, 66.0, 65.0, 64.0, 63.0, 62.0, 61.0, 60.0, 59.0, 58.0, 57.0, 56.0, 55.0, 54.0, 53.0, 52.0, 51.0, 50.0, 49.0, 48.0, 47.0, 46.0, 45.0, 44.0, 43.0, 42.0, 41.0, 40.0, 39.0, 38.0, 37.0, 36.0, 35.0, 34.0, 33.0, 32.0, 31.0, 30.0, 29.0, 28.0, 27.0, 26.0, 25.0, 24.0, 23.0, 22.0, 21.0, 20.0, 19.0, 18.0, 17.0, 16.0, 15.0, 14.0, 13.0, 12.0, 11.0, 10.0, 9.0, 8.0, 7.0, 6.0, 5.0, 4.0, 3.0, 2.0, 1.0, 0.0], "RMSE": 5.75}