{"mean": [106.64500427246094, 115.34236907958984, 109.70992279052734, 110.38450622558594, 108.53260803222656, 104.7203598022461, 96.11680603027344, 94.01952362060547, 100.18290710449219, 89.38859558105469, 85.31504821777344, 93.7879867553711, 85.10115814208984, 80.8724594116211, 78.87433624267578, 73.5174331665039, 78.61857604980469, 68.36155700683594, 70.31340026855469, 66.6941909790039, 68.6396255493164, 70.78929138183594, 62.818580627441406, 62.2140998840332, 55.04833984375, 55.10831832885742, 55.97572708129883, 60.0630989074707, 54.88615798950195, 50.63212203979492, 55.427040100097656, 54.2798957824707, 57.41716766357422, 58.895172119140625, 56.987335205078125, 59.40686798095703, 60.607887268066406, 59.4447135925293, 63.2569694519043, 65.10470581054688, 62.9677619934082, 68.27052307128906, 65.85212707519531, 70.6873779296875, 64.07472229003906, 58.2549934387207, 64.82659912109375, 62.60453414916992, 57.426727294921875, 62.303077697753906, 64.04793548583984, 66.71400451660156, 68.91871643066406, 66.23223876953125, 65.7567138671875, 62.212196350097656, 58.39719772338867, 57.222862243652344, 52.78886032104492, 48.89564895629883, 63.10307693481445, 60.134300231933594, 61.1351432800293, 57.69487762451172, 47.039947509765625, 47.054359436035156, 48.34577941894531, 50.96501159667969, 51.349205017089844, 45.159027099609375, 44.899803161621094, 47.14118576049805, 44.2386589050293, 51.58692169189453, 48.30989456176758, 45.31293487548828, 47.214168548583984, 49.11833953857422, 47.07775115966797, 43.502540588378906, 46.3135986328125, 46.076377868652344, 45.0864372253418, 37.751651763916016, 32.48043441772461, 33.46747589111328, 32.5236930847168, 33.32216262817383, 29.42349624633789, 25.77060890197754, 28.17452049255371, 25.774377822875977, 24.191112518310547, 23.293704986572266, 18.5056095123291, 19.042078018188477, 14.579121589660645, 12.611395835876465, 10.72715950012207, 9.254931449890137, 10.123332977294922, 10.199825286865234, 6.043409824371338, 4.8335065841674805, 3.5307154655456543, 2.1863205432891846], "var": [70.27616119384766, 23.32063865661621, 128.4501953125, 47.72710037231445, 48.58429718017578, 87.7771987915039, 143.1552734375, 252.0518798828125, 221.5492401123047, 213.50363159179688, 101.03128814697266, 65.3767318725586, 74.43586730957031, 129.1508331298828, 187.39056396484375, 138.63818359375, 202.14639282226562, 52.8421745300293, 51.68292999267578, 104.5857162475586, 85.37553405761719, 53.935821533203125, 34.177284240722656, 30.179645538330078, 10.113368034362793, 13.66956901550293, 7.552554130554199, 50.9593505859375, 27.37936019897461, 22.49666404724121, 32.036231994628906, 13.82878589630127, 6.1310811042785645, 38.26948547363281, 19.830705642700195, 21.170610427856445, 36.54633712768555, 31.19921112060547, 74.75395202636719, 74.17505645751953, 101.42371368408203, 47.52018356323242, 48.82012939453125, 87.95936584472656, 39.84089279174805, 36.73038101196289, 74.37458801269531, 25.385000228881836, 57.333351135253906, 35.73040008544922, 53.11833190917969, 48.815006256103516, 18.577842712402344, 15.138872146606445, 84.55450439453125, 24.47707176208496, 29.22617530822754, 56.01072311401367, 6.565255641937256, 12.855029106140137, 32.30544662475586, 31.40000343322754, 39.008853912353516, 11.410208702087402, 23.29358673095703, 13.9385347366333, 19.921913146972656, 32.87966537475586, 14.624678611755371, 13.534424781799316, 2.598618268966675, 12.782458305358887, 10.058637619018555, 14.05797004699707, 20.873525619506836, 6.861511707305908, 6.627740859985352, 7.547473430633545, 12.621787071228027, 10.756300926208496, 19.65870475769043, 10.256994247436523, 12.035079002380371, 7.071578502655029, 4.6608405113220215, 8.872620582580566, 10.152765274047852, 2.498434543609619, 3.795279026031494, 2.2228336334228516, 3.1336429119110107, 3.616093397140503, 3.720862865447998, 1.3726770877838135, 0.9922860264778137, 1.8584691286087036, 2.1195614337921143, 0.5438873767852783, 1.5086466073989868, 0.34305843710899353, 0.26533955335617065, 0.7199026942253113, 0.9750978946685791, 0.35031959414482117, 0.2597319781780243, 0.40449321269989014], "true": [105.0, 104.0, 103.0, 102.0, 101.0, 100.0, 99.0, 98.0, 97.0, 96.0, 95.0, 94.0, 93.0, 92.0, 91.0, 90.0, 89.0, 88.0, 87.0, 86.0, 85.0, 84.0, 83.0, 82.0, 81.0, 80.0, 79.0, 78.0, 77.0, 76.0, 75.0, 74.0, 73.0, 72.0, 71.0, 70.0, 69.0, 68.0, 67.0, 66.0, 65.0, 64.0, 63.0, 62.0, 61.0, 60.0, 59.0, 58.0, 57.0, 56.0, 55.0, 54.0, 53.0, 52.0, 51.0, 50.0, 49.0, 48.0, 47.0, 46.0, 45.0, 44.0, 43.0, 42.0, 41.0, 40.0, 39.0, 38.0, 37.0, 36.0, 35.0, 34.0, 33.0, 32.0, 31.0, 30.0, 29.0, 28.0, 27.0, 26.0, 25.0, 24.0, 23.0, 22.0, 21.0, 20.0, 19.0, 18.0, 17.0, 16.0, 15.0, 14.0, 13.0, 12.0, 11.0, 10.0, 9.0, 8.0, 7.0, 6.0, 5.0, 4.0, 3.0, 2.0, 1.0, 0.0], "RMSE": 13.05}