{"mean": [118.64176940917969, 117.60345458984375, 118.12046813964844, 117.72709655761719, 118.39188385009766, 120.40238952636719, 118.94268798828125, 119.27030944824219, 118.79124450683594, 117.609619140625, 117.4339370727539, 116.80122375488281, 118.9384994506836, 117.08219909667969, 118.19732666015625, 117.5916748046875, 114.8221206665039, 116.01316833496094, 116.1820297241211, 117.24076843261719, 116.56856536865234, 117.60496520996094, 117.00807189941406, 116.1664810180664, 115.7431640625, 116.3276596069336, 114.28056335449219, 117.43048095703125, 115.38719177246094, 117.43143463134766, 117.79942321777344, 116.2085952758789, 116.66999816894531, 116.98957824707031, 115.44766998291016, 117.85389709472656, 116.9426040649414, 115.37213134765625, 116.09124755859375, 114.90348052978516, 109.75175476074219, 111.3740234375, 107.7015609741211, 109.0766372680664, 106.5797348022461, 112.0716552734375, 110.8913803100586, 105.07112121582031, 107.90264892578125, 107.54881286621094, 100.56636810302734, 108.69703674316406, 112.15968322753906, 104.66146087646484, 108.78031158447266, 107.4969253540039, 94.5866470336914, 99.5932846069336, 90.87777709960938, 86.5281753540039, 90.4503173828125, 102.15767669677734, 99.2807846069336, 104.11772155761719, 100.660888671875, 99.43070983886719, 97.18214416503906, 96.49124908447266, 94.41606903076172, 97.54328155517578, 90.97142791748047, 93.32059478759766, 92.85277557373047, 79.1566390991211, 76.22714233398438, 71.16419982910156, 79.44404602050781, 75.26538848876953, 67.54624938964844, 69.49723815917969, 67.00650787353516, 71.99330139160156, 61.06349563598633, 62.81450271606445, 51.646583557128906, 50.09803009033203, 43.81293869018555, 45.65763473510742, 40.844173431396484, 35.213233947753906, 38.45233917236328, 41.226539611816406, 38.963829040527344, 36.66161346435547, 38.5883674621582, 30.460041046142578, 28.82027244567871, 30.415008544921875, 33.8828125, 36.04572296142578, 34.762107849121094, 31.346202850341797, 30.431743621826172, 27.935516357421875, 27.968652725219727, 26.685354232788086, 24.841144561767578, 23.677722930908203, 21.59561538696289, 22.54660415649414, 19.55352783203125, 19.165950775146484, 17.674768447875977, 18.580707550048828, 15.656911849975586, 12.473703384399414, 13.035921096801758, 12.346772193908691, 10.263616561889648, 7.205249786376953, 6.5802412033081055, 5.285011291503906, 4.517402172088623, 4.858493328094482, 2.9365437030792236, 2.494597911834717], "var": [10.45228099822998, 12.07433032989502, 3.334847927093506, 14.562813758850098, 10.51270580291748, 10.536239624023438, 6.8299407958984375, 9.13976001739502, 10.833600044250488, 7.986822128295898, 17.363798141479492, 8.381213188171387, 16.129457473754883, 8.283730506896973, 23.988386154174805, 4.691044807434082, 33.857669830322266, 34.90143966674805, 14.817066192626953, 21.20197296142578, 24.078218460083008, 11.77950668334961, 7.088529586791992, 24.04259490966797, 7.396793365478516, 13.99863338470459, 23.284481048583984, 18.126678466796875, 6.994166851043701, 19.416418075561523, 24.492834091186523, 30.89198112487793, 17.71548843383789, 6.629456043243408, 48.97475051879883, 19.850584030151367, 44.748992919921875, 35.46065902709961, 56.360408782958984, 90.10148620605469, 60.45274353027344, 87.83843994140625, 50.932010650634766, 68.46149444580078, 86.19815063476562, 36.39402389526367, 45.20946502685547, 123.77179718017578, 91.4145278930664, 115.3072280883789, 176.89266967773438, 107.15689849853516, 56.755401611328125, 216.6482391357422, 50.854515075683594, 72.9753646850586, 105.43427276611328, 121.76891326904297, 57.69106674194336, 57.81132125854492, 44.977806091308594, 136.3194122314453, 73.8360366821289, 95.72129821777344, 204.00616455078125, 84.38518524169922, 105.183349609375, 104.57909393310547, 75.69689178466797, 51.01483154296875, 158.5913848876953, 127.54304504394531, 98.65800476074219, 116.62239837646484, 72.21803283691406, 58.37372589111328, 54.98326873779297, 74.6905746459961, 86.30960083007812, 54.83843231201172, 35.89226531982422, 66.9246597290039, 59.128170013427734, 35.720394134521484, 85.83956146240234, 55.49738311767578, 50.09490203857422, 25.006685256958008, 12.431707382202148, 9.241182327270508, 11.652739524841309, 22.07126235961914, 17.647563934326172, 9.44185733795166, 12.9441556930542, 8.50094985961914, 7.3089599609375, 4.41936731338501, 8.401738166809082, 8.634693145751953, 10.885279655456543, 2.6650636196136475, 8.935676574707031, 6.560972690582275, 1.8812798261642456, 4.976984024047852, 4.050332069396973, 0.5906635522842407, 2.364603281021118, 1.3678210973739624, 1.5694994926452637, 3.2792367935180664, 0.9388039112091064, 1.832535743713379, 0.722883939743042, 0.8707130551338196, 0.6003953218460083, 0.7868607640266418, 0.9590510129928589, 0.7266595959663391, 0.609923779964447, 0.27736711502075195, 0.6822839379310608, 0.33630117774009705, 0.11507055163383484, 0.18326222896575928], "true": [120.0, 120.0, 120.0, 120.0, 120.0, 120.0, 119.0, 118.0, 117.0, 116.0, 115.0, 114.0, 113.0, 112.0, 111.0, 110.0, 109.0, 108.0, 107.0, 106.0, 105.0, 104.0, 103.0, 102.0, 101.0, 100.0, 99.0, 98.0, 97.0, 96.0, 95.0, 94.0, 93.0, 92.0, 91.0, 90.0, 89.0, 88.0, 87.0, 86.0, 85.0, 84.0, 83.0, 82.0, 81.0, 80.0, 79.0, 78.0, 77.0, 76.0, 75.0, 74.0, 73.0, 72.0, 71.0, 70.0, 69.0, 68.0, 67.0, 66.0, 65.0, 64.0, 63.0, 62.0, 61.0, 60.0, 59.0, 58.0, 57.0, 56.0, 55.0, 54.0, 53.0, 52.0, 51.0, 50.0, 49.0, 48.0, 47.0, 46.0, 45.0, 44.0, 43.0, 42.0, 41.0, 40.0, 39.0, 38.0, 37.0, 36.0, 35.0, 34.0, 33.0, 32.0, 31.0, 30.0, 29.0, 28.0, 27.0, 26.0, 25.0, 24.0, 23.0, 22.0, 21.0, 20.0, 19.0, 18.0, 17.0, 16.0, 15.0, 14.0, 13.0, 12.0, 11.0, 10.0, 9.0, 8.0, 7.0, 6.0, 5.0, 4.0, 3.0, 2.0, 1.0, 0.0], "RMSE": 20.81}