{"mean": [117.61978912353516, 116.4151382446289, 114.81585693359375, 115.53599548339844, 116.04209899902344, 114.05061340332031, 118.92503356933594, 115.8868408203125, 112.74317932128906, 113.303955078125, 114.4754409790039, 113.32418060302734, 115.06300354003906, 113.703857421875, 112.88301849365234, 109.4056396484375, 113.00938415527344, 110.83387756347656, 109.30023193359375, 110.00508117675781, 105.1832504272461, 105.7976303100586, 108.87617492675781, 106.55345153808594, 112.00399017333984, 107.3453598022461, 106.02757263183594, 101.53617858886719, 104.19937896728516, 101.08306121826172, 101.58477020263672, 105.71451568603516, 106.40937805175781, 106.095947265625, 105.39915466308594, 99.14271545410156, 93.79110717773438, 106.2183609008789, 94.96452331542969, 99.96025085449219, 98.89997863769531, 93.4769515991211, 98.50629425048828, 94.83360290527344, 94.96184539794922, 101.6560287475586, 98.63703918457031, 103.2649917602539, 96.69149017333984, 83.48155975341797, 90.26622772216797, 89.58001708984375, 92.63999938964844, 83.29618835449219, 82.72860717773438, 78.80636596679688, 87.49412536621094, 85.1871337890625, 76.517822265625, 85.4247055053711, 80.71734619140625, 76.59638977050781, 66.83842468261719, 71.35423278808594, 70.67457580566406, 72.06070709228516, 68.8172607421875, 70.54247283935547, 61.975372314453125, 62.02675247192383, 60.071197509765625, 57.2333869934082, 61.450279235839844, 57.78667449951172, 57.3365364074707, 58.256553649902344, 56.072998046875, 51.385650634765625, 48.73796844482422, 46.47214889526367, 46.36555480957031, 47.9955940246582, 42.69529342651367, 45.22696304321289, 42.7415657043457, 42.752220153808594, 39.77720642089844, 38.92774200439453, 37.271812438964844, 40.896907806396484, 36.49066925048828, 37.14985656738281, 35.33338165283203, 33.52866744995117, 32.5703125, 32.70130920410156, 33.15618133544922, 30.926340103149414, 28.965030670166016, 29.039783477783203, 25.01009750366211, 28.19118309020996, 24.926311492919922, 23.086746215820312, 22.767791748046875, 21.618228912353516, 21.363040924072266, 19.93174171447754, 19.81889533996582, 17.645557403564453, 17.89023208618164, 17.39738655090332, 15.979479789733887, 14.419998168945312, 14.500826835632324, 13.152316093444824, 11.5596342086792, 11.301126480102539, 10.238873481750488, 9.220047950744629, 7.907622337341309, 7.1247148513793945, 5.815915584564209, 4.32348108291626, 3.0508158206939697, 1.988790512084961, 1.06876802444458], "var": [34.26633834838867, 34.355899810791016, 23.327733993530273, 43.3029670715332, 23.883955001831055, 34.314369201660156, 9.219700813293457, 11.851468086242676, 61.66719055175781, 18.208934783935547, 17.191465377807617, 84.41654205322266, 28.445556640625, 45.893310546875, 94.67074584960938, 31.728151321411133, 34.94392013549805, 44.9190559387207, 15.914484977722168, 83.08294677734375, 47.768333435058594, 84.45641326904297, 119.75377655029297, 66.6513442993164, 172.56655883789062, 92.10179138183594, 85.39081573486328, 85.78872680664062, 302.3901062011719, 38.78445816040039, 61.13376235961914, 20.741825103759766, 128.62648010253906, 280.5078430175781, 280.47076416015625, 214.0042724609375, 246.6762237548828, 54.31319046020508, 236.515869140625, 282.70672607421875, 179.65191650390625, 228.85313415527344, 105.51541900634766, 187.77816772460938, 507.1419677734375, 127.04645538330078, 238.7864990234375, 205.78219604492188, 137.78179931640625, 139.0358428955078, 208.61155700683594, 301.2579040527344, 174.49325561523438, 208.8502655029297, 226.3281707763672, 193.94696044921875, 341.8531188964844, 109.9978256225586, 355.23504638671875, 230.74742126464844, 115.87628173828125, 166.66749572753906, 65.28396606445312, 253.19647216796875, 140.931884765625, 167.70916748046875, 108.32219696044922, 101.6629638671875, 61.882568359375, 52.874900817871094, 34.1601448059082, 60.380191802978516, 119.80725860595703, 44.1436767578125, 67.11727142333984, 55.70234298706055, 58.386253356933594, 20.79595184326172, 64.57035064697266, 20.92613983154297, 56.164669036865234, 39.170982360839844, 26.97798728942871, 9.55750846862793, 8.811962127685547, 15.631599426269531, 27.993206024169922, 25.972248077392578, 17.833879470825195, 16.555734634399414, 7.1596999168396, 15.064586639404297, 9.927605628967285, 25.117584228515625, 8.124420166015625, 18.731918334960938, 4.2991509437561035, 8.739118576049805, 5.069822311401367, 7.6746087074279785, 6.123947620391846, 7.65524435043335, 2.7110395431518555, 2.441371440887451, 4.4608588218688965, 1.458942174911499, 8.023183822631836, 2.0134477615356445, 2.4004361629486084, 1.8551628589630127, 2.3755557537078857, 1.5675270557403564, 0.7876390218734741, 0.4844558835029602, 0.40227967500686646, 1.108467698097229, 1.4748705625534058, 1.1457171440124512, 0.5763067603111267, 0.7369293570518494, 0.524268627166748, 0.8136215806007385, 0.8700682520866394, 0.16609570384025574, 0.7406578660011292, 0.6161655783653259, 0.2073788195848465], "true": [120.0, 120.0, 120.0, 120.0, 120.0, 120.0, 120.0, 119.0, 118.0, 117.0, 116.0, 115.0, 114.0, 113.0, 112.0, 111.0, 110.0, 109.0, 108.0, 107.0, 106.0, 105.0, 104.0, 103.0, 102.0, 101.0, 100.0, 99.0, 98.0, 97.0, 96.0, 95.0, 94.0, 93.0, 92.0, 91.0, 90.0, 89.0, 88.0, 87.0, 86.0, 85.0, 84.0, 83.0, 82.0, 81.0, 80.0, 79.0, 78.0, 77.0, 76.0, 75.0, 74.0, 73.0, 72.0, 71.0, 70.0, 69.0, 68.0, 67.0, 66.0, 65.0, 64.0, 63.0, 62.0, 61.0, 60.0, 59.0, 58.0, 57.0, 56.0, 55.0, 54.0, 53.0, 52.0, 51.0, 50.0, 49.0, 48.0, 47.0, 46.0, 45.0, 44.0, 43.0, 42.0, 41.0, 40.0, 39.0, 38.0, 37.0, 36.0, 35.0, 34.0, 33.0, 32.0, 31.0, 30.0, 29.0, 28.0, 27.0, 26.0, 25.0, 24.0, 23.0, 22.0, 21.0, 20.0, 19.0, 18.0, 17.0, 16.0, 15.0, 14.0, 13.0, 12.0, 11.0, 10.0, 9.0, 8.0, 7.0, 6.0, 5.0, 4.0, 3.0, 2.0, 1.0, 0.0], "RMSE": 7.69}