{"mean": [106.22727966308594, 101.50292205810547, 100.55940246582031, 103.46114349365234, 98.40089416503906, 98.45598602294922, 95.61652374267578, 98.6837387084961, 97.98347473144531, 98.47938537597656, 97.38092803955078, 92.86668395996094, 88.84049987792969, 91.07019805908203, 100.2248306274414, 101.60755920410156, 97.35228729248047, 96.15583801269531, 99.08897399902344, 95.79193878173828, 94.1915054321289, 95.34508514404297, 94.9793701171875, 102.65594482421875, 101.0147933959961, 104.15629577636719, 109.89583587646484, 96.29917907714844, 100.0775146484375, 104.71684265136719, 102.37922668457031, 104.99224853515625, 103.52543640136719, 103.39378356933594, 96.82810974121094, 98.04545593261719, 105.10713195800781, 100.21353912353516, 98.00130462646484, 91.02510833740234, 100.31587219238281, 103.52703857421875, 101.76216888427734, 101.5354995727539, 88.32244873046875, 93.4813461303711, 88.08680725097656, 90.00004577636719, 82.9911117553711, 88.7757797241211, 79.81532287597656, 81.09709167480469, 75.7125244140625, 74.11795806884766, 80.16300201416016, 78.92485046386719, 72.48765563964844, 68.87242126464844, 69.86358642578125, 65.01982879638672, 63.29314041137695, 54.86653518676758, 58.3642578125, 57.28777313232422, 54.84749221801758, 54.99284744262695, 50.858707427978516, 52.172996520996094, 44.6290283203125, 44.896141052246094, 44.25212860107422, 43.366600036621094, 40.51261520385742, 40.39684295654297, 38.972801208496094, 37.96010208129883, 34.87071228027344, 32.45648956298828, 32.98155975341797, 30.527517318725586, 31.900325775146484, 28.301895141601562, 27.687591552734375, 26.749156951904297, 24.944339752197266, 23.1763858795166, 23.305505752563477, 21.71886444091797, 20.91427993774414, 19.372451782226562, 18.622684478759766, 17.79228973388672, 15.882513046264648, 16.405654907226562, 14.509620666503906, 14.01605224609375, 12.19406795501709, 11.518903732299805, 10.962264060974121, 9.228792190551758, 7.980623722076416, 6.2255072593688965, 5.027712821960449, 4.2870774269104, 2.5687708854675293, 1.4679440259933472], "var": [56.43366241455078, 47.15770721435547, 46.52147674560547, 45.59666442871094, 54.308067321777344, 86.5420913696289, 163.1534423828125, 80.72102355957031, 56.79387283325195, 83.57428741455078, 230.8268585205078, 266.1211853027344, 73.27444458007812, 197.0142822265625, 203.8985137939453, 179.08645629882812, 238.10260009765625, 304.1521301269531, 215.61463928222656, 315.11639404296875, 342.3929748535156, 206.06788635253906, 226.68287658691406, 165.7873077392578, 322.6303405761719, 263.1558532714844, 86.94784545898438, 218.1618194580078, 318.8519592285156, 174.7164306640625, 193.6007843017578, 283.69378662109375, 170.07289123535156, 107.9144515991211, 255.91818237304688, 225.84759521484375, 215.20863342285156, 338.2137145996094, 136.45826721191406, 243.9700469970703, 265.2398681640625, 267.28057861328125, 185.63427734375, 200.32308959960938, 182.67234802246094, 233.61676025390625, 190.43736267089844, 139.0607147216797, 142.3269500732422, 168.97642517089844, 127.92034149169922, 78.0855941772461, 177.59571838378906, 99.41327667236328, 215.3666229248047, 200.16615295410156, 196.37484741210938, 236.8457489013672, 138.61087036132812, 42.1933479309082, 92.84203338623047, 95.19168853759766, 66.06925964355469, 14.224217414855957, 71.40098571777344, 65.77458190917969, 60.056758880615234, 58.72816467285156, 9.792471885681152, 24.06041145324707, 37.67579650878906, 26.770082473754883, 26.889122009277344, 15.553548812866211, 8.491652488708496, 6.6451592445373535, 2.9939470291137695, 19.694467544555664, 11.22608757019043, 7.344105243682861, 10.623918533325195, 3.3807504177093506, 7.478130340576172, 7.302340984344482, 6.246707916259766, 3.4222023487091064, 2.947181224822998, 1.0069416761398315, 3.2856459617614746, 2.25488543510437, 2.959584951400757, 3.312882661819458, 0.5982982516288757, 0.8517423868179321, 0.6871620416641235, 0.4429685175418854, 0.8558076620101929, 1.232733964920044, 1.6019484996795654, 0.830356240272522, 0.8524910807609558, 0.5058368444442749, 0.7136064171791077, 1.1012980937957764, 0.40269482135772705, 0.42475348711013794], "true": [105.0, 104.0, 103.0, 102.0, 101.0, 100.0, 99.0, 98.0, 97.0, 96.0, 95.0, 94.0, 93.0, 92.0, 91.0, 90.0, 89.0, 88.0, 87.0, 86.0, 85.0, 84.0, 83.0, 82.0, 81.0, 80.0, 79.0, 78.0, 77.0, 76.0, 75.0, 74.0, 73.0, 72.0, 71.0, 70.0, 69.0, 68.0, 67.0, 66.0, 65.0, 64.0, 63.0, 62.0, 61.0, 60.0, 59.0, 58.0, 57.0, 56.0, 55.0, 54.0, 53.0, 52.0, 51.0, 50.0, 49.0, 48.0, 47.0, 46.0, 45.0, 44.0, 43.0, 42.0, 41.0, 40.0, 39.0, 38.0, 37.0, 36.0, 35.0, 34.0, 33.0, 32.0, 31.0, 30.0, 29.0, 28.0, 27.0, 26.0, 25.0, 24.0, 23.0, 22.0, 21.0, 20.0, 19.0, 18.0, 17.0, 16.0, 15.0, 14.0, 13.0, 12.0, 11.0, 10.0, 9.0, 8.0, 7.0, 6.0, 5.0, 4.0, 3.0, 2.0, 1.0, 0.0], "RMSE": 17.93}