{"mean": [118.65350341796875, 116.79931640625, 115.35646057128906, 118.7337417602539, 115.90958404541016, 120.20283508300781, 114.80522155761719, 117.05091857910156, 116.4421157836914, 115.84207916259766, 113.6518783569336, 115.68367004394531, 119.31241607666016, 118.92281341552734, 116.87657165527344, 118.81571197509766, 117.12713623046875, 115.91361999511719, 119.7947998046875, 120.71214294433594, 119.08135986328125, 118.7506332397461, 119.3777084350586, 118.158203125, 113.96981048583984, 114.13020324707031, 120.9513931274414, 115.21458435058594, 115.9182357788086, 119.72856140136719, 116.6455307006836, 118.3672103881836, 117.45100402832031, 114.60295104980469, 116.9819107055664, 115.33686828613281, 116.91085052490234, 117.66728210449219, 117.76676177978516, 120.07716369628906, 111.31364440917969, 111.1519546508789, 111.0250015258789, 110.28111267089844, 119.63502502441406, 112.9908218383789, 110.07177734375, 107.889892578125, 107.62432861328125, 109.47447204589844, 100.01277160644531, 108.8355941772461, 99.28556823730469, 101.40213775634766, 96.23577117919922, 97.31842803955078, 100.76972961425781, 91.12989807128906, 88.60279083251953, 91.28299713134766, 76.05470275878906, 88.64717102050781, 76.12225341796875, 71.4651870727539, 79.81926727294922, 85.52676391601562, 72.42828369140625, 73.2016372680664, 73.26937866210938, 71.02107238769531, 66.0484390258789, 63.179832458496094, 67.49258422851562, 60.86188888549805, 60.865142822265625, 61.19153594970703, 58.3362922668457, 59.26288604736328, 59.24158477783203, 55.03050994873047, 48.50371551513672, 51.41770553588867, 53.53538131713867, 47.58622360229492, 49.236549377441406, 44.195045471191406, 42.0509033203125, 40.78340148925781, 40.87767791748047, 39.95519256591797, 38.910987854003906, 38.24590301513672, 37.44499969482422, 35.618560791015625, 34.805259704589844, 36.118186950683594, 34.55693817138672, 31.652423858642578, 31.551172256469727, 29.123336791992188, 29.09130859375, 26.929492950439453, 26.11098861694336, 25.976083755493164, 24.86600112915039, 23.403228759765625, 21.696674346923828, 21.944807052612305, 20.026958465576172, 18.3468074798584, 17.69741439819336, 16.713790893554688, 15.83460807800293, 16.12698745727539, 13.370187759399414, 13.393664360046387, 12.94706916809082, 10.990716934204102, 11.023032188415527, 8.975615501403809, 7.9325361251831055, 6.427242279052734, 4.925798416137695, 3.88781476020813, 2.5228209495544434, 1.9509623050689697], "var": [30.13623046875, 56.83512496948242, 31.549816131591797, 26.50065040588379, 30.84139060974121, 33.971473693847656, 39.60895919799805, 19.224777221679688, 24.17740249633789, 42.15316390991211, 20.966089248657227, 78.11973571777344, 54.979793548583984, 16.722787857055664, 31.079816818237305, 40.85511779785156, 30.120960235595703, 12.74809741973877, 31.981245040893555, 31.91750717163086, 23.880754470825195, 100.5052261352539, 47.6234016418457, 56.45877456665039, 37.24937438964844, 61.599037170410156, 48.45139694213867, 86.98600006103516, 34.722557067871094, 41.53138732910156, 19.641855239868164, 34.38325881958008, 101.39822387695312, 152.6835479736328, 70.39839172363281, 84.47914123535156, 72.4788818359375, 36.14878463745117, 113.30288696289062, 82.01123809814453, 208.335693359375, 241.8153839111328, 159.4449920654297, 95.20035552978516, 51.99645233154297, 158.78297424316406, 183.3488311767578, 126.81473541259766, 195.07015991210938, 104.62036895751953, 352.050537109375, 162.3564453125, 203.84634399414062, 148.26119995117188, 91.14804077148438, 122.14776611328125, 159.3657989501953, 132.3966827392578, 175.3271026611328, 227.05209350585938, 211.68846130371094, 399.2745361328125, 45.44337463378906, 100.60994720458984, 211.26828002929688, 263.75, 138.29302978515625, 144.93812561035156, 201.26902770996094, 104.396484375, 99.22486877441406, 71.28237915039062, 74.66871643066406, 60.845760345458984, 46.34852981567383, 72.59410858154297, 46.4880485534668, 172.20191955566406, 96.23133087158203, 57.94020462036133, 51.81447982788086, 35.47978591918945, 42.519317626953125, 14.62037467956543, 19.819555282592773, 38.64567565917969, 12.948569297790527, 12.650148391723633, 9.499646186828613, 10.397041320800781, 15.064091682434082, 15.054933547973633, 21.07118034362793, 11.35622787475586, 8.601554870605469, 13.45479965209961, 10.780348777770996, 21.722877502441406, 7.752491474151611, 7.0291829109191895, 9.338807106018066, 5.118668556213379, 7.748589992523193, 4.332053184509277, 6.192944526672363, 1.6511640548706055, 5.719837665557861, 3.062042236328125, 1.4398924112319946, 3.232823133468628, 2.1386308670043945, 2.5279760360717773, 2.668794631958008, 2.9183731079101562, 1.130807638168335, 1.5414402484893799, 1.690945029258728, 0.6294075846672058, 1.320947527885437, 0.5230970978736877, 0.6769354939460754, 0.942536473274231, 0.44808444380760193, 0.6920986771583557, 0.49684247374534607, 0.5464754700660706], "true": [120.0, 120.0, 120.0, 120.0, 120.0, 120.0, 119.0, 118.0, 117.0, 116.0, 115.0, 114.0, 113.0, 112.0, 111.0, 110.0, 109.0, 108.0, 107.0, 106.0, 105.0, 104.0, 103.0, 102.0, 101.0, 100.0, 99.0, 98.0, 97.0, 96.0, 95.0, 94.0, 93.0, 92.0, 91.0, 90.0, 89.0, 88.0, 87.0, 86.0, 85.0, 84.0, 83.0, 82.0, 81.0, 80.0, 79.0, 78.0, 77.0, 76.0, 75.0, 74.0, 73.0, 72.0, 71.0, 70.0, 69.0, 68.0, 67.0, 66.0, 65.0, 64.0, 63.0, 62.0, 61.0, 60.0, 59.0, 58.0, 57.0, 56.0, 55.0, 54.0, 53.0, 52.0, 51.0, 50.0, 49.0, 48.0, 47.0, 46.0, 45.0, 44.0, 43.0, 42.0, 41.0, 40.0, 39.0, 38.0, 37.0, 36.0, 35.0, 34.0, 33.0, 32.0, 31.0, 30.0, 29.0, 28.0, 27.0, 26.0, 25.0, 24.0, 23.0, 22.0, 21.0, 20.0, 19.0, 18.0, 17.0, 16.0, 15.0, 14.0, 13.0, 12.0, 11.0, 10.0, 9.0, 8.0, 7.0, 6.0, 5.0, 4.0, 3.0, 2.0, 1.0, 0.0], "RMSE": 16.14}