{"pred": [118.55704498291016, 118.39330291748047, 118.26996612548828, 118.17753601074219, 118.10733032226562, 118.05178833007812, 118.00450897216797, 117.96041107177734, 117.9153823852539, 117.86625671386719, 117.81047058105469, 117.74588012695312, 117.6705551147461, 117.58262634277344, 117.48015594482422, 117.36103057861328, 117.22281646728516, 117.062744140625, 116.87757873535156, 116.66349792480469, 116.41605377197266, 116.12991333007812, 115.79882049560547, 115.41529846191406, 114.97052764892578, 114.45429229736328, 113.85519409179688, 113.16134643554688, 112.36212921142578, 111.45055389404297, 110.42616271972656, 109.2962646484375, 108.07463073730469, 106.77722930908203, 105.41796112060547, 104.00569152832031, 102.54424285888672, 101.03414154052734, 99.47480010986328, 97.86674499511719, 96.21282196044922, 94.5193862915039, 92.79605865478516, 91.05543518066406, 89.31244659423828, 87.58302307128906, 85.8829116821289, 84.22627258300781, 82.62467193603516, 81.08625030517578, 79.6155014038086, 78.21324920654297, 76.87708282470703, 75.60201263427734, 74.38129425048828, 73.20700073242188, 72.07081604003906, 70.96451568603516, 69.8803482055664, 68.81136322021484, 67.7515869140625, 66.69608306884766, 65.64112091064453, 64.58409881591797, 63.52356719970703, 62.459228515625, 61.39190673828125, 60.32340621948242, 59.256591796875, 58.19512176513672, 57.14336395263672, 56.10603713989258, 55.08799362182617, 54.09380340576172, 53.127384185791016, 52.191566467285156, 51.28770065307617, 50.4151725769043, 49.57121276855469, 48.75041198730469, 47.94438171386719, 47.141517639160156, 46.327110290527344, 45.48431396484375, 44.596221923828125, 43.64949035644531, 42.63846969604492, 41.56879806518555, 40.45849609375, 39.33540725708008, 38.231407165527344, 37.17509460449219, 36.1856689453125, 35.269569396972656, 34.420204162597656, 33.61994171142578, 32.84361267089844, 32.06290817260742, 31.251388549804688, 30.389205932617188, 29.46649932861328, 28.484188079833984, 27.45162582397461, 26.382003784179688, 25.287389755249023, 24.17530059814453, 23.047800064086914, 21.902786254882812, 20.736413955688477, 19.545650482177734, 18.330312728881836, 17.094261169433594, 15.845659255981445, 14.596303939819336, 13.360099792480469, 12.150933265686035, 10.98039722442627, 9.855868339538574, 8.779576301574707, 7.7491774559021, 6.760264873504639, 5.810759544372559, 4.905582904815674, 4.057197570800781, 3.2779698371887207, 2.574378490447998, 1.9632154703140259], "RMSE": 6.09}