{"pred": [117.19959259033203, 117.11234283447266, 117.02515411376953, 116.93717193603516, 116.8472900390625, 116.75406646728516, 116.65576934814453, 116.55044555664062, 116.43590545654297, 116.30996704101562, 116.17044830322266, 116.01538848876953, 115.84300231933594, 115.65180206298828, 115.44049835205078, 115.20801544189453, 114.95337677001953, 114.67575073242188, 114.37420654296875, 114.0478744506836, 113.69575500488281, 113.31678009033203, 112.90972137451172, 112.47319793701172, 112.00558471679688, 111.50497436523438, 110.9690933227539, 110.39529418945312, 109.78040313720703, 109.12061309814453, 108.41162872314453, 107.64842987060547, 106.82552337646484, 105.93692016601562, 104.9764633178711, 103.93809509277344, 102.81619262695312, 101.60626220703125, 100.30535125732422, 98.9127426147461, 97.43065643310547, 95.8646011352539, 94.22406768798828, 92.5224380493164, 90.77685546875, 89.00731658935547, 87.23596954345703, 85.4852066040039, 83.77638244628906, 82.12775421142578, 80.55318450927734, 79.06108856201172, 77.65357208251953, 76.32726287841797, 75.07410430908203, 73.88311004638672, 72.74203491210938, 71.63885498046875, 70.56271362304688, 69.50471496582031, 68.45793914794922, 67.4175796508789, 66.38066864013672, 65.34590911865234, 64.31327056884766, 63.283905029296875, 62.25978088378906, 61.24359893798828, 60.238548278808594, 59.248111724853516, 58.2760009765625, 57.32582473754883, 56.40100860595703, 55.504512786865234, 54.63866424560547, 53.80497360229492, 53.003963470458984, 52.23516082763672, 51.49701690673828, 50.78697204589844, 50.101356506347656, 49.43525695800781, 48.782081604003906, 48.132938385009766, 47.476009368896484, 46.796104431152344, 46.07548141479492, 45.296173095703125, 44.444427490234375, 43.51640701293945, 42.52288818359375, 41.4904670715332, 40.457088470458984, 39.46271896362305, 38.53824234008789, 37.6971435546875, 36.93218994140625, 36.217750549316406, 35.51614761352539, 34.786293029785156, 33.99249267578125, 33.111324310302734, 32.13454055786133, 31.067060470581055, 29.92112159729004, 28.709260940551758, 27.43924331665039, 26.112590789794922, 24.726428985595703, 23.27731704711914, 21.765403747558594, 20.19780921936035, 18.590435028076172, 16.96769142150879, 15.359904289245605, 13.798656463623047, 12.311137199401855, 10.915349960327148, 9.618369102478027, 8.418663024902344, 7.311178684234619, 6.292179584503174, 5.360992431640625, 4.516165256500244, 3.751420497894287, 3.0715479850769043], "RMSE": 7.37}