{"pred": [88.4172592163086, 87.82958984375, 87.5743408203125, 87.60271453857422, 87.86404418945312, 88.30953216552734, 88.89407348632812, 89.577392578125, 90.32437896728516, 91.10511016845703, 91.89486694335938, 92.67346954345703, 93.42504119873047, 94.13728332519531, 94.80074310302734, 95.4087142944336, 95.95621490478516, 96.43987274169922, 96.8573989868164, 97.20751190185547, 97.48959350585938, 97.70328521728516, 97.84876251220703, 97.92623138427734, 97.93607330322266, 97.87860107421875, 97.75421142578125, 97.56302642822266, 97.30516815185547, 96.98053741455078, 96.58879089355469, 96.12940216064453, 95.60155487060547, 95.00406646728516, 94.33558654785156, 93.59437561035156, 92.7784652709961, 91.88567352294922, 90.91356658935547, 89.85955810546875, 88.72115325927734, 87.49605560302734, 86.18251037597656, 84.77974700927734, 83.28795623779297, 81.70903015136719, 80.046875, 78.30779266357422, 76.50109100341797, 74.638916015625, 72.73616790771484, 70.81004333496094, 68.87932586669922, 66.96346282958984, 65.08149719238281, 63.250606536865234, 61.485198974609375, 59.79594039916992, 58.189815521240234, 56.66986846923828, 55.23530960083008, 53.88154983520508, 52.600196838378906, 51.37887191772461, 50.20110321044922, 49.046302795410156, 47.890625, 46.70964050292969, 45.48328399658203, 44.20213317871094, 42.873252868652344, 41.52143859863281, 40.184452056884766, 38.9027099609375, 37.708003997802734, 36.61562728881836, 35.622013092041016, 34.70681381225586, 33.83748245239258, 32.97500991821289, 32.080509185791016, 31.121997833251953, 30.08026123046875, 28.95180892944336, 27.747272491455078, 26.48548126220703, 25.185688018798828, 23.861474990844727, 22.518720626831055, 21.157432556152344, 19.775714874267578, 18.373823165893555, 16.95696449279785, 15.536297798156738, 14.128019332885742, 12.750829696655273, 11.422420501708984, 10.155893325805664, 8.957230567932129, 7.824929714202881, 6.752669811248779, 5.735292911529541, 4.776583671569824, 3.8930959701538086, 3.1053109169006348, 2.42037296295166], "RMSE": 13.35}