{"mean": [123.46134948730469, 123.49922180175781, 121.39646911621094, 120.4048843383789, 121.5281753540039, 119.69000244140625, 123.8096694946289, 119.81419372558594, 120.91746520996094, 121.29847717285156, 120.46240234375, 119.20286560058594, 121.9334487915039, 119.06263732910156, 119.35347747802734, 116.67657470703125, 117.91838073730469, 120.74476623535156, 116.14265441894531, 114.0024185180664, 112.95584869384766, 113.14595794677734, 113.93556213378906, 111.89298248291016, 117.63227844238281, 114.39860534667969, 111.60679626464844, 110.7459945678711, 111.17635345458984, 109.33805084228516, 109.60734558105469, 110.3279037475586, 108.37516784667969, 108.88236999511719, 106.69254302978516, 102.95362854003906, 103.09806823730469, 101.87877655029297, 95.35961151123047, 100.58406066894531, 100.65180969238281, 98.3228759765625, 98.71157836914062, 102.22884368896484, 96.87208557128906, 96.5176773071289, 99.17850494384766, 96.68241882324219, 90.33326721191406, 86.77772521972656, 90.820068359375, 87.34017181396484, 89.1181869506836, 83.9780044555664, 85.52928161621094, 79.8368148803711, 81.5346450805664, 79.88801574707031, 72.69647216796875, 82.14253234863281, 76.5041732788086, 71.90856170654297, 70.42987823486328, 66.99004364013672, 70.1373519897461, 66.84322357177734, 64.29439544677734, 66.4737319946289, 59.056854248046875, 64.35298919677734, 62.164825439453125, 57.13066482543945, 60.552207946777344, 57.693939208984375, 58.90397262573242, 57.615997314453125, 54.84236526489258, 52.675559997558594, 50.73980712890625, 48.998477935791016, 52.54363250732422, 50.29208755493164, 47.241363525390625, 44.33717727661133, 45.6950798034668, 42.39513397216797, 41.82184600830078, 40.71997833251953, 39.44629669189453, 39.481998443603516, 37.383060455322266, 38.84508514404297, 35.92023468017578, 33.57612228393555, 33.52562713623047, 32.65401077270508, 32.87987518310547, 31.602951049804688, 30.113744735717773, 30.427820205688477, 28.676197052001953, 29.812271118164062, 26.473648071289062, 26.49652099609375, 24.800613403320312, 24.01592254638672, 22.401155471801758, 22.094667434692383, 20.497905731201172, 18.85158920288086, 18.242176055908203, 17.101970672607422, 16.057147979736328, 14.40435791015625, 14.160028457641602, 12.854925155639648, 11.207719802856445, 10.895194053649902, 9.91707706451416, 8.643074035644531, 7.850144386291504, 6.661595344543457, 5.40048885345459, 4.26046085357666, 3.347670078277588, 2.6646835803985596, 1.9092146158218384], "var": [19.81897735595703, 9.610852241516113, 20.89657211303711, 13.443902969360352, 14.199496269226074, 19.41730308532715, 4.161922931671143, 9.482211112976074, 22.963808059692383, 18.180646896362305, 18.747417449951172, 45.866268157958984, 9.011096000671387, 42.01792907714844, 40.887855529785156, 23.362537384033203, 8.726662635803223, 17.66716194152832, 8.384886741638184, 22.986675262451172, 33.8085823059082, 28.690404891967773, 30.53141975402832, 17.414220809936523, 32.5741081237793, 25.258037567138672, 26.91208267211914, 46.203521728515625, 93.03189086914062, 28.712499618530273, 52.25115203857422, 13.741717338562012, 32.517333984375, 98.31541442871094, 90.28705596923828, 135.87303161621094, 147.49368286132812, 71.92667388916016, 210.98414611816406, 34.27043151855469, 53.694061279296875, 183.39039611816406, 115.59521484375, 121.30888366699219, 115.73832702636719, 166.41554260253906, 89.33431243896484, 219.21734619140625, 135.3429718017578, 105.41889953613281, 139.27403259277344, 136.25491333007812, 182.0681915283203, 157.89564514160156, 153.390380859375, 141.84310913085938, 123.51766967773438, 95.3633041381836, 109.80207824707031, 116.56421661376953, 60.407127380371094, 120.96504211425781, 160.77857971191406, 137.31295776367188, 142.72898864746094, 88.85661315917969, 113.03899383544922, 74.7700424194336, 60.15823745727539, 54.2784423828125, 112.7569580078125, 63.06956481933594, 90.121826171875, 39.10919189453125, 105.8918228149414, 48.6644172668457, 41.039894104003906, 52.32583999633789, 87.83516693115234, 20.9160213470459, 59.92226791381836, 54.40597152709961, 38.78709411621094, 21.084251403808594, 27.144268035888672, 19.262365341186523, 17.961498260498047, 22.138687133789062, 10.136819839477539, 10.042207717895508, 12.340142250061035, 9.15074348449707, 6.793602466583252, 2.565986156463623, 8.629701614379883, 11.829047203063965, 9.417106628417969, 8.412972450256348, 10.720211029052734, 9.816493034362793, 4.1155219078063965, 7.9210429191589355, 4.066283226013184, 2.4093730449676514, 1.7006534337997437, 0.46350452303886414, 2.866187810897827, 1.8201072216033936, 0.9427334666252136, 0.6718918681144714, 1.3193825483322144, 0.9223529696464539, 0.7257790565490723, 0.5167584419250488, 0.29333391785621643, 0.53950434923172, 0.41260066628456116, 0.5798352360725403, 0.30086514353752136, 0.28661003708839417, 0.7447099685668945, 0.1601020246744156, 0.1612505167722702, 0.33883532881736755, 0.20681758224964142, 0.3723738491535187, 0.27026084065437317], "true": [120.0, 120.0, 120.0, 120.0, 120.0, 120.0, 120.0, 119.0, 118.0, 117.0, 116.0, 115.0, 114.0, 113.0, 112.0, 111.0, 110.0, 109.0, 108.0, 107.0, 106.0, 105.0, 104.0, 103.0, 102.0, 101.0, 100.0, 99.0, 98.0, 97.0, 96.0, 95.0, 94.0, 93.0, 92.0, 91.0, 90.0, 89.0, 88.0, 87.0, 86.0, 85.0, 84.0, 83.0, 82.0, 81.0, 80.0, 79.0, 78.0, 77.0, 76.0, 75.0, 74.0, 73.0, 72.0, 71.0, 70.0, 69.0, 68.0, 67.0, 66.0, 65.0, 64.0, 63.0, 62.0, 61.0, 60.0, 59.0, 58.0, 57.0, 56.0, 55.0, 54.0, 53.0, 52.0, 51.0, 50.0, 49.0, 48.0, 47.0, 46.0, 45.0, 44.0, 43.0, 42.0, 41.0, 40.0, 39.0, 38.0, 37.0, 36.0, 35.0, 34.0, 33.0, 32.0, 31.0, 30.0, 29.0, 28.0, 27.0, 26.0, 25.0, 24.0, 23.0, 22.0, 21.0, 20.0, 19.0, 18.0, 17.0, 16.0, 15.0, 14.0, 13.0, 12.0, 11.0, 10.0, 9.0, 8.0, 7.0, 6.0, 5.0, 4.0, 3.0, 2.0, 1.0, 0.0], "RMSE": 8.23}