{"mean": [117.07511901855469, 113.0899658203125, 116.24903869628906, 115.6119155883789, 116.32572937011719, 117.81011962890625, 116.10868835449219, 114.7238998413086, 113.36820220947266, 116.69248962402344, 113.9815444946289, 111.71739196777344, 114.92039489746094, 117.2092056274414, 112.72642517089844, 114.47306060791016, 115.38468933105469, 113.811767578125, 117.61983489990234, 116.93946838378906, 115.35475158691406, 115.80476379394531, 114.73628997802734, 115.39772033691406, 110.31172180175781, 111.48260498046875, 116.66389465332031, 114.90669250488281, 111.56719970703125, 114.39524841308594, 112.0923843383789, 110.85567474365234, 110.18623352050781, 107.36561584472656, 108.7905044555664, 110.8487319946289, 113.29093170166016, 108.7001724243164, 107.94954681396484, 111.33978271484375, 102.523681640625, 106.11018371582031, 103.3212890625, 98.88152313232422, 105.83418273925781, 105.0325927734375, 99.55326843261719, 97.74749755859375, 96.25776672363281, 95.15910339355469, 99.17024230957031, 101.46724700927734, 93.14615631103516, 87.23304748535156, 84.93572998046875, 85.5828857421875, 87.47937774658203, 81.1727294921875, 80.51084899902344, 79.62004089355469, 74.454833984375, 85.86200714111328, 69.90027618408203, 66.97098541259766, 77.00135803222656, 75.99590301513672, 65.23805236816406, 70.31330871582031, 70.02522277832031, 69.3691635131836, 60.7686882019043, 61.147735595703125, 68.9890365600586, 61.5128173828125, 58.3656120300293, 60.36653518676758, 53.61130905151367, 58.75910186767578, 56.771728515625, 62.15113067626953, 52.234336853027344, 53.719017028808594, 53.37335968017578, 49.74838638305664, 50.940704345703125, 45.71477508544922, 43.737770080566406, 42.552947998046875, 42.68741226196289, 40.72538375854492, 40.422340393066406, 39.754859924316406, 38.309818267822266, 37.357337951660156, 37.0489387512207, 36.56267547607422, 33.059913635253906, 33.69058609008789, 33.14090347290039, 32.56831359863281, 31.917160034179688, 31.37445068359375, 30.835453033447266, 29.284282684326172, 28.678686141967773, 27.087732315063477, 26.494640350341797, 24.935409545898438, 23.631420135498047, 22.42477798461914, 21.061870574951172, 19.699125289916992, 18.330127716064453, 17.58127212524414, 15.899415969848633, 15.30872917175293, 13.868797302246094, 12.616745948791504, 11.744397163391113, 9.582563400268555, 8.40799331665039, 7.596554756164551, 6.08127498626709, 4.850541114807129, 3.7786166667938232, 3.3840739727020264], "var": [26.81064796447754, 33.213836669921875, 10.034550666809082, 46.817054748535156, 34.60084533691406, 42.70532989501953, 41.74935531616211, 19.538631439208984, 85.56562042236328, 33.71322250366211, 31.380233764648438, 47.69871139526367, 25.107206344604492, 11.07206916809082, 45.32014846801758, 43.88461685180664, 10.087522506713867, 30.350948333740234, 9.27304458618164, 39.624305725097656, 24.789016723632812, 29.780744552612305, 13.753056526184082, 53.050777435302734, 50.61016082763672, 60.77066421508789, 10.467514991760254, 66.82081604003906, 95.03794860839844, 40.47587585449219, 62.635826110839844, 85.07624816894531, 53.349517822265625, 154.17498779296875, 144.73626708984375, 74.41825103759766, 26.012483596801758, 158.75534057617188, 226.82228088378906, 87.0680160522461, 305.17236328125, 202.17701721191406, 130.68899536132812, 152.3252410888672, 98.1126937866211, 135.43690490722656, 58.575042724609375, 46.85792922973633, 232.81138610839844, 223.8556671142578, 163.80323791503906, 53.257301330566406, 101.1153335571289, 172.30645751953125, 102.70527648925781, 162.8605499267578, 174.47596740722656, 210.2219696044922, 157.22286987304688, 248.57369995117188, 174.67721557617188, 356.267578125, 127.864013671875, 62.109825134277344, 69.94482421875, 109.87714385986328, 49.468284606933594, 174.84922790527344, 179.1226043701172, 112.75818634033203, 77.8572006225586, 64.42144775390625, 56.71459197998047, 97.79945373535156, 23.588605880737305, 92.75859069824219, 31.540767669677734, 99.21176147460938, 66.32073974609375, 177.26319885253906, 57.57674789428711, 64.6277084350586, 60.46406555175781, 7.298182487487793, 61.96059799194336, 5.0325446128845215, 12.64133071899414, 22.294387817382812, 15.629366874694824, 16.486772537231445, 12.873298645019531, 9.720958709716797, 18.978023529052734, 5.2286553382873535, 9.155363082885742, 9.57082462310791, 8.235963821411133, 5.088039398193359, 5.038695812225342, 4.43806266784668, 7.579618453979492, 6.586664199829102, 8.390524864196777, 1.8639822006225586, 1.5158685445785522, 3.294175624847412, 3.4963550567626953, 1.0025029182434082, 0.7185752391815186, 1.3451392650604248, 1.839348316192627, 2.246446371078491, 0.5567127466201782, 1.010014533996582, 0.41701215505599976, 0.9086027145385742, 0.43497997522354126, 0.08647597581148148, 0.8845581412315369, 0.4245441257953644, 0.6379017233848572, 0.4043377935886383, 0.43898114562034607, 0.31933337450027466, 0.3661979138851166, 0.23113404214382172], "true": [120.0, 120.0, 120.0, 120.0, 120.0, 120.0, 119.0, 118.0, 117.0, 116.0, 115.0, 114.0, 113.0, 112.0, 111.0, 110.0, 109.0, 108.0, 107.0, 106.0, 105.0, 104.0, 103.0, 102.0, 101.0, 100.0, 99.0, 98.0, 97.0, 96.0, 95.0, 94.0, 93.0, 92.0, 91.0, 90.0, 89.0, 88.0, 87.0, 86.0, 85.0, 84.0, 83.0, 82.0, 81.0, 80.0, 79.0, 78.0, 77.0, 76.0, 75.0, 74.0, 73.0, 72.0, 71.0, 70.0, 69.0, 68.0, 67.0, 66.0, 65.0, 64.0, 63.0, 62.0, 61.0, 60.0, 59.0, 58.0, 57.0, 56.0, 55.0, 54.0, 53.0, 52.0, 51.0, 50.0, 49.0, 48.0, 47.0, 46.0, 45.0, 44.0, 43.0, 42.0, 41.0, 40.0, 39.0, 38.0, 37.0, 36.0, 35.0, 34.0, 33.0, 32.0, 31.0, 30.0, 29.0, 28.0, 27.0, 26.0, 25.0, 24.0, 23.0, 22.0, 21.0, 20.0, 19.0, 18.0, 17.0, 16.0, 15.0, 14.0, 13.0, 12.0, 11.0, 10.0, 9.0, 8.0, 7.0, 6.0, 5.0, 4.0, 3.0, 2.0, 1.0, 0.0], "RMSE": 12.11}