{"mean": [113.35640716552734, 113.52647399902344, 113.57979583740234, 116.35125732421875, 111.95497131347656, 110.60931396484375, 109.73896789550781, 111.62709045410156, 106.29669189453125, 112.9630355834961, 105.9053955078125, 108.33392333984375, 99.62076568603516, 109.4655532836914, 103.63218688964844, 107.55503845214844, 103.64619445800781, 105.69386291503906, 106.880859375, 101.72470092773438, 103.04325103759766, 104.2813720703125, 100.70469665527344, 96.90933990478516, 102.18518829345703, 103.0926284790039, 103.46061706542969, 98.37284851074219, 98.99998474121094, 98.77149963378906, 99.48284149169922, 100.38081359863281, 95.8620834350586, 99.20565795898438, 88.34440612792969, 95.87062072753906, 94.6410140991211, 87.32135772705078, 87.9343032836914, 87.16777038574219, 89.95748901367188, 85.69929504394531, 85.04167938232422, 86.22264862060547, 85.5685806274414, 82.44184112548828, 76.6061019897461, 76.81147003173828, 76.32600402832031, 76.1322250366211, 74.15941619873047, 68.1649169921875, 68.84056091308594, 70.902587890625, 77.4958724975586, 70.11714172363281, 70.80126953125, 67.21162414550781, 65.19803619384766, 62.43303298950195, 63.66440963745117, 59.192710876464844, 57.25331497192383, 58.98931884765625, 54.9952278137207, 54.0968132019043, 52.51673126220703, 50.04655838012695, 46.801612854003906, 48.04050064086914, 45.15787124633789, 44.76337432861328, 41.9344482421875, 41.64665985107422, 39.00409698486328, 38.397342681884766, 37.20759582519531, 35.562747955322266, 34.13774490356445, 32.495323181152344, 33.85100173950195, 30.6474609375, 31.021892547607422, 29.337146759033203, 27.20467758178711, 24.943660736083984, 25.329261779785156, 24.719356536865234, 22.714082717895508, 21.074438095092773, 19.993309020996094, 18.96543312072754, 17.089397430419922, 16.04827117919922, 14.593435287475586, 13.621065139770508, 12.322271347045898, 11.370903015136719, 10.596400260925293, 9.417240142822266, 7.867822170257568, 6.227251052856445, 5.453181743621826, 4.3139543533325195, 2.999500274658203, 2.5245633125305176], "var": [31.784969329833984, 22.363819122314453, 29.67828369140625, 36.218406677246094, 28.389856338500977, 13.535012245178223, 23.876123428344727, 27.65199851989746, 42.3006477355957, 22.44474983215332, 88.35869598388672, 52.52744674682617, 93.0925521850586, 84.68446350097656, 61.49976348876953, 88.99446868896484, 95.32948303222656, 205.7022247314453, 27.668949127197266, 174.0660858154297, 100.10062408447266, 44.57829666137695, 109.59231567382812, 133.78546142578125, 95.76725006103516, 108.01488494873047, 56.29587173461914, 108.73004913330078, 65.88398742675781, 142.376220703125, 119.32472229003906, 125.26275634765625, 164.44410705566406, 16.94798469543457, 110.21145629882812, 102.51896667480469, 89.55076599121094, 181.9800262451172, 93.86700439453125, 161.2574920654297, 93.27165222167969, 137.71214294433594, 98.46180725097656, 83.03289794921875, 139.67465209960938, 75.08197784423828, 95.19869232177734, 72.43659973144531, 97.8995132446289, 56.04068374633789, 48.25431823730469, 206.74266052246094, 77.57721710205078, 110.74860382080078, 89.22282409667969, 37.06175994873047, 60.773223876953125, 24.298208236694336, 62.059417724609375, 47.07742691040039, 97.86479187011719, 45.90612030029297, 21.906625747680664, 17.99736213684082, 60.08800506591797, 46.751861572265625, 26.646989822387695, 39.36487579345703, 24.49378204345703, 23.461856842041016, 20.13894271850586, 21.79880142211914, 20.7840576171875, 15.00210189819336, 11.825121879577637, 3.9797868728637695, 4.5274529457092285, 1.5764683485031128, 7.589292526245117, 7.1370134353637695, 12.192276000976562, 4.95301628112793, 4.328868865966797, 6.741433143615723, 2.4108028411865234, 3.577045440673828, 2.5227203369140625, 2.2786977291107178, 3.196772336959839, 1.8574622869491577, 1.7553926706314087, 1.1339045763015747, 0.4795454740524292, 0.37011831998825073, 0.9514228701591492, 0.5004506707191467, 0.6617024540901184, 0.5387213230133057, 0.9184877872467041, 0.56759113073349, 0.2507510483264923, 0.15264765918254852, 0.30139631032943726, 0.28935691714286804, 0.325558066368103, 0.26340487599372864], "true": [105.0, 104.0, 103.0, 102.0, 101.0, 100.0, 99.0, 98.0, 97.0, 96.0, 95.0, 94.0, 93.0, 92.0, 91.0, 90.0, 89.0, 88.0, 87.0, 86.0, 85.0, 84.0, 83.0, 82.0, 81.0, 80.0, 79.0, 78.0, 77.0, 76.0, 75.0, 74.0, 73.0, 72.0, 71.0, 70.0, 69.0, 68.0, 67.0, 66.0, 65.0, 64.0, 63.0, 62.0, 61.0, 60.0, 59.0, 58.0, 57.0, 56.0, 55.0, 54.0, 53.0, 52.0, 51.0, 50.0, 49.0, 48.0, 47.0, 46.0, 45.0, 44.0, 43.0, 42.0, 41.0, 40.0, 39.0, 38.0, 37.0, 36.0, 35.0, 34.0, 33.0, 32.0, 31.0, 30.0, 29.0, 28.0, 27.0, 26.0, 25.0, 24.0, 23.0, 22.0, 21.0, 20.0, 19.0, 18.0, 17.0, 16.0, 15.0, 14.0, 13.0, 12.0, 11.0, 10.0, 9.0, 8.0, 7.0, 6.0, 5.0, 4.0, 3.0, 2.0, 1.0, 0.0], "RMSE": 15.44}