{"mean": [97.27156066894531, 104.52833557128906, 102.14410400390625, 101.0619888305664, 106.4653549194336, 104.6596450805664, 106.17549896240234, 103.54170227050781, 106.05953216552734, 111.39622497558594, 106.87742614746094, 110.04917907714844, 111.48956298828125, 108.99760437011719, 108.08271789550781, 103.18705749511719, 106.3528823852539, 98.7242431640625, 101.0118637084961, 108.5395736694336, 107.48848724365234, 103.70625305175781, 106.4256362915039, 104.60296630859375, 112.25091552734375, 96.0909652709961, 107.72530364990234, 111.09184265136719, 113.6643295288086, 96.74635314941406, 101.50238800048828, 104.11717224121094, 95.85636901855469, 100.61732482910156, 103.76985931396484, 113.19294738769531, 109.41001892089844, 91.74266052246094, 98.42240905761719, 104.23016357421875, 97.51781463623047, 82.14649200439453, 99.87499237060547, 103.9550552368164, 93.80390930175781, 84.3577651977539, 92.48670959472656, 75.4858169555664, 89.57196807861328, 84.39628601074219, 89.39974975585938, 99.57083892822266, 94.1164321899414, 83.00051879882812, 87.04106140136719, 74.71517181396484, 79.10774993896484, 77.4229507446289, 78.15177917480469, 76.76851654052734, 68.42845153808594, 63.80529022216797, 62.603660583496094, 54.2044563293457, 59.984230041503906, 64.2451171875, 68.19813537597656, 71.73680114746094, 58.10173797607422, 50.36703109741211, 57.59998321533203, 49.636138916015625, 56.49348831176758, 49.98345947265625, 51.96193313598633, 41.180633544921875, 42.09558868408203, 50.941184997558594, 49.605953216552734, 39.32421112060547, 44.787498474121094, 42.48738479614258, 44.25692367553711, 43.86677551269531, 39.21125030517578, 35.49150466918945, 39.241676330566406, 33.7724723815918, 33.94664764404297, 29.941402435302734, 33.34719467163086, 29.456684112548828, 26.716686248779297, 26.197956085205078, 27.15838050842285, 23.659557342529297, 23.50885581970215, 23.179874420166016, 21.940677642822266, 21.81972885131836, 21.307491302490234, 20.588991165161133, 20.74072265625, 18.937923431396484, 18.17915153503418, 18.07587242126465, 15.0713472366333, 14.927482604980469, 12.828094482421875, 12.77967643737793, 11.77542781829834, 9.606679916381836, 9.439969062805176, 7.1061601638793945, 5.759239196777344, 5.0297675132751465, 3.171377420425415, 2.800147771835327, 1.133888602256775, 0.5444828271865845, 0.6158393025398254, 7.540728569030762, 6.056933403015137, 4.965260982513428, 4.004776954650879, 3.2090420722961426], "var": [304.1666259765625, 156.4087677001953, 196.66610717773438, 246.10769653320312, 67.25504302978516, 125.11450958251953, 42.27796936035156, 126.919677734375, 81.75109100341797, 17.203001022338867, 215.23463439941406, 91.65965270996094, 160.30801391601562, 46.41447830200195, 256.4982604980469, 185.1525115966797, 172.71319580078125, 187.422607421875, 148.52816772460938, 125.38473510742188, 143.1357879638672, 184.815673828125, 109.35474395751953, 79.44096374511719, 83.1079330444336, 124.53421020507812, 177.41226196289062, 51.98988342285156, 34.45224380493164, 259.95843505859375, 180.13763427734375, 129.34164428710938, 200.8831329345703, 407.903564453125, 273.6405334472656, 38.85853958129883, 75.99437713623047, 459.5162048339844, 198.17124938964844, 142.65386962890625, 360.2840881347656, 146.02761840820312, 155.65216064453125, 151.66954040527344, 52.93872833251953, 264.9962463378906, 92.66509246826172, 149.83737182617188, 241.7339324951172, 248.8984375, 206.92779541015625, 232.2555389404297, 187.39761352539062, 128.50364685058594, 290.58929443359375, 251.24884033203125, 173.81979370117188, 215.64010620117188, 142.30645751953125, 124.44298553466797, 69.4410171508789, 160.64761352539062, 49.58289337158203, 31.575763702392578, 53.9996452331543, 132.97630310058594, 267.3087463378906, 205.7364044189453, 51.020416259765625, 6.2158427238464355, 19.72384262084961, 41.693634033203125, 30.097753524780273, 16.131183624267578, 29.554885864257812, 8.158760070800781, 19.31526756286621, 33.29985046386719, 52.592369079589844, 12.180659294128418, 8.116957664489746, 6.116186618804932, 27.447843551635742, 18.016714096069336, 2.3259339332580566, 12.264083862304688, 9.364879608154297, 3.449028491973877, 8.958693504333496, 3.6838185787200928, 2.592013120651245, 2.4627277851104736, 1.7854665517807007, 1.793377161026001, 0.9826929569244385, 1.4062309265136719, 0.9074344038963318, 1.9102988243103027, 0.7653491497039795, 0.9799807667732239, 2.0246143341064453, 0.8082922697067261, 1.2897666692733765, 2.1163461208343506, 1.1947256326675415, 0.75506591796875, 1.0686278343200684, 2.067099094390869, 1.4887940883636475, 1.2467396259307861, 0.24370400607585907, 0.8248274326324463, 0.695608377456665, 0.49599042534828186, 0.1348385065793991, 0.32944217324256897, 0.18075230717658997, 0.18707922101020813, 0.11331257969141006, 0.025359518826007843, 0.022493837401270866, 0.5062536001205444, 0.3987402021884918, 0.32131797075271606, 0.15637800097465515, 0.1758461892604828], "true": [120.0, 120.0, 120.0, 120.0, 120.0, 120.0, 119.0, 118.0, 117.0, 116.0, 115.0, 114.0, 113.0, 112.0, 111.0, 110.0, 109.0, 108.0, 107.0, 106.0, 105.0, 104.0, 103.0, 102.0, 101.0, 100.0, 99.0, 98.0, 97.0, 96.0, 95.0, 94.0, 93.0, 92.0, 91.0, 90.0, 89.0, 88.0, 87.0, 86.0, 85.0, 84.0, 83.0, 82.0, 81.0, 80.0, 79.0, 78.0, 77.0, 76.0, 75.0, 74.0, 73.0, 72.0, 71.0, 70.0, 69.0, 68.0, 67.0, 66.0, 65.0, 64.0, 63.0, 62.0, 61.0, 60.0, 59.0, 58.0, 57.0, 56.0, 55.0, 54.0, 53.0, 52.0, 51.0, 50.0, 49.0, 48.0, 47.0, 46.0, 45.0, 44.0, 43.0, 42.0, 41.0, 40.0, 39.0, 38.0, 37.0, 36.0, 35.0, 34.0, 33.0, 32.0, 31.0, 30.0, 29.0, 28.0, 27.0, 26.0, 25.0, 24.0, 23.0, 22.0, 21.0, 20.0, 19.0, 18.0, 17.0, 16.0, 15.0, 14.0, 13.0, 12.0, 11.0, 10.0, 9.0, 8.0, 7.0, 6.0, 5.0, 4.0, 3.0, 2.0, 1.0, 0.0], "RMSE": 9.0}