{"mean": [102.41707611083984, 100.60099792480469, 99.87281799316406, 103.24466705322266, 103.6249771118164, 101.85380554199219, 100.55567169189453, 97.07859802246094, 99.86949920654297, 99.46449279785156, 100.8573226928711, 101.76567077636719, 99.52659606933594, 96.59716796875, 100.63691711425781, 89.68452453613281, 99.88629913330078, 95.92691040039062, 95.40306091308594, 92.63217163085938, 99.54259490966797, 91.08930969238281, 101.1875, 89.76631164550781, 97.76798248291016, 97.40769958496094, 84.78514099121094, 88.6598892211914, 95.21726989746094, 89.09518432617188, 93.03659057617188, 86.14762115478516, 82.47314453125, 89.63190460205078, 82.8343276977539, 87.14688110351562, 86.3509750366211, 70.6841049194336, 80.49666595458984, 82.74432373046875, 79.0959701538086, 82.88993835449219, 75.95796966552734, 78.98674774169922, 78.55054473876953, 74.39013671875, 77.47987365722656, 62.713233947753906, 74.26557922363281, 65.53888702392578, 65.982666015625, 68.11563110351562, 67.53607940673828, 72.7652359008789, 59.99010467529297, 57.106536865234375, 66.34493255615234, 60.52708053588867, 57.4946174621582, 55.186607360839844, 58.677215576171875, 54.157981872558594, 46.55976867675781, 43.91770553588867, 45.54438400268555, 43.30649948120117, 44.257999420166016, 42.87364959716797, 38.02424240112305, 38.435874938964844, 35.40049743652344, 32.645164489746094, 34.90157699584961, 30.151561737060547, 30.97750473022461, 27.7413272857666, 25.09204864501953, 23.812923431396484, 22.197237014770508, 22.750255584716797, 23.302654266357422, 20.76057243347168, 20.235118865966797, 19.119184494018555, 17.38200569152832, 16.209087371826172, 15.169337272644043, 13.125434875488281, 12.109623908996582, 10.04973030090332, 10.255376815795898, 8.938653945922852, 7.220290184020996, 6.3205766677856445, 4.849785327911377, 4.37798547744751, 1.9622100591659546, 1.6701991558074951, 0.8321018218994141, 0.5898631811141968, 0.5200660228729248, 0.4815813899040222, 5.517951011657715, 3.9814395904541016, 3.3170669078826904, 2.9745993614196777], "var": [99.3863525390625, 145.25022888183594, 105.05145263671875, 40.123931884765625, 19.81883430480957, 66.35452270507812, 25.614105224609375, 116.6197509765625, 74.02684783935547, 44.71409225463867, 132.18829345703125, 58.282440185546875, 113.88777923583984, 134.8117218017578, 223.0231170654297, 138.08409118652344, 200.7999267578125, 136.3691864013672, 41.481746673583984, 63.95465850830078, 130.20433044433594, 201.37033081054688, 57.009925842285156, 91.24991607666016, 77.94855499267578, 43.195159912109375, 239.29429626464844, 97.93263244628906, 79.07056427001953, 266.3492431640625, 227.73492431640625, 31.961151123046875, 136.1228790283203, 266.7123107910156, 205.62464904785156, 76.00473022460938, 167.32127380371094, 228.50094604492188, 150.1115264892578, 102.96035766601562, 99.61044311523438, 97.01282501220703, 131.5609893798828, 122.11650085449219, 129.70242309570312, 122.27830505371094, 76.87017822265625, 58.68684387207031, 105.20984649658203, 66.46804809570312, 67.59384155273438, 131.05905151367188, 57.99237823486328, 115.12870025634766, 39.49885177612305, 60.925575256347656, 80.13143157958984, 59.8071174621582, 56.050376892089844, 50.11426544189453, 82.1177978515625, 41.9752082824707, 19.907182693481445, 5.6004958152771, 9.591455459594727, 19.68929100036621, 43.63211441040039, 19.004243850708008, 6.837996959686279, 9.304869651794434, 1.8924263715744019, 2.20131254196167, 4.208179473876953, 6.977079391479492, 4.428956508636475, 2.904759168624878, 2.808040142059326, 2.228187322616577, 1.1312609910964966, 1.8584394454956055, 1.421830415725708, 1.169060230255127, 1.9912705421447754, 1.6651036739349365, 0.7141947150230408, 1.1895802021026611, 0.5524352788925171, 1.4370964765548706, 0.8068228363990784, 0.4303496479988098, 0.7302180528640747, 1.0779695510864258, 0.6068009734153748, 0.5949094891548157, 0.33535265922546387, 0.525709331035614, 0.22544163465499878, 0.11345861107110977, 0.06765799224376678, 0.010840502567589283, 0.004337676335126162, 0.005259751807898283, 0.20501288771629333, 0.3296785354614258, 0.3571473956108093, 0.411946177482605], "true": [105.0, 104.0, 103.0, 102.0, 101.0, 100.0, 99.0, 98.0, 97.0, 96.0, 95.0, 94.0, 93.0, 92.0, 91.0, 90.0, 89.0, 88.0, 87.0, 86.0, 85.0, 84.0, 83.0, 82.0, 81.0, 80.0, 79.0, 78.0, 77.0, 76.0, 75.0, 74.0, 73.0, 72.0, 71.0, 70.0, 69.0, 68.0, 67.0, 66.0, 65.0, 64.0, 63.0, 62.0, 61.0, 60.0, 59.0, 58.0, 57.0, 56.0, 55.0, 54.0, 53.0, 52.0, 51.0, 50.0, 49.0, 48.0, 47.0, 46.0, 45.0, 44.0, 43.0, 42.0, 41.0, 40.0, 39.0, 38.0, 37.0, 36.0, 35.0, 34.0, 33.0, 32.0, 31.0, 30.0, 29.0, 28.0, 27.0, 26.0, 25.0, 24.0, 23.0, 22.0, 21.0, 20.0, 19.0, 18.0, 17.0, 16.0, 15.0, 14.0, 13.0, 12.0, 11.0, 10.0, 9.0, 8.0, 7.0, 6.0, 5.0, 4.0, 3.0, 2.0, 1.0, 0.0], "RMSE": 9.53}