{"mean": [107.10807037353516, 113.99324035644531, 110.42808532714844, 109.83357238769531, 113.3584213256836, 110.50596618652344, 110.39497375488281, 107.37825012207031, 111.0204086303711, 113.50465393066406, 112.17105865478516, 115.20025634765625, 109.41291809082031, 111.9460678100586, 106.22708892822266, 108.35578918457031, 107.2769775390625, 107.56632232666016, 109.38079833984375, 102.87754821777344, 109.97184753417969, 104.1523208618164, 105.96949768066406, 97.7606201171875, 110.45610046386719, 107.04243469238281, 107.4708023071289, 104.98954772949219, 104.72080993652344, 97.00879669189453, 101.94639587402344, 99.3306655883789, 82.47863006591797, 100.5195083618164, 97.24890899658203, 100.07881927490234, 97.78226470947266, 84.04399108886719, 97.45948791503906, 104.27669525146484, 90.3448486328125, 89.69175720214844, 87.9734115600586, 86.04945373535156, 82.25752258300781, 85.8509292602539, 93.251220703125, 93.69075775146484, 83.74036407470703, 73.90567016601562, 80.86226654052734, 74.38092803955078, 84.2631607055664, 80.56041717529297, 81.70780944824219, 76.79061126708984, 69.39977264404297, 73.3248062133789, 64.68209075927734, 66.0063247680664, 72.15695190429688, 59.46446990966797, 58.86177444458008, 51.572731018066406, 55.07340621948242, 56.994903564453125, 62.043235778808594, 66.71479797363281, 52.199249267578125, 53.306312561035156, 47.17362594604492, 53.67192840576172, 53.35101318359375, 45.797874450683594, 41.58301544189453, 43.3611946105957, 44.911399841308594, 41.09833526611328, 42.60813522338867, 37.169227600097656, 39.765567779541016, 38.688419342041016, 40.31965255737305, 38.32099533081055, 33.44446563720703, 33.059051513671875, 33.856136322021484, 29.73179054260254, 30.53616714477539, 29.0974063873291, 28.31368064880371, 28.237340927124023, 27.073688507080078, 24.32940101623535, 22.546119689941406, 20.21538543701172, 21.389690399169922, 22.40538787841797, 20.123363494873047, 19.657669067382812, 19.329898834228516, 18.50978660583496, 16.388071060180664, 15.646368026733398, 14.843687057495117, 13.696937561035156, 12.609901428222656, 11.222747802734375, 10.556463241577148, 9.230741500854492, 8.049631118774414, 6.630248069763184, 5.575501441955566, 5.13761043548584, 4.27406120300293, 2.8596019744873047, 2.0197696685791016, 0.9491206407546997, 0.5265824198722839, 9.145610809326172, 0.5386682748794556, 6.670065402984619, 5.104134559631348, 4.194995403289795, 3.3798203468322754, 2.575495481491089, 2.1163740158081055], "var": [62.77446365356445, 48.58663558959961, 61.145809173583984, 43.85050964355469, 12.066763877868652, 42.294212341308594, 8.999115943908691, 60.05817794799805, 14.729820251464844, 13.205145835876465, 54.661285400390625, 18.507410049438477, 54.3513069152832, 38.33783721923828, 200.9302978515625, 34.99745178222656, 114.14486694335938, 52.35160827636719, 53.5822639465332, 77.44820404052734, 62.03840637207031, 113.20811462402344, 54.62726593017578, 59.151702880859375, 43.256683349609375, 65.91805267333984, 112.42111206054688, 96.298095703125, 74.5792465209961, 163.65451049804688, 84.16004943847656, 135.4977569580078, 254.4667205810547, 303.0509338378906, 199.8794403076172, 131.40850830078125, 214.9108123779297, 318.8700256347656, 180.6554718017578, 64.93568420410156, 290.240966796875, 196.1404266357422, 145.9485321044922, 177.90774536132812, 84.86710357666016, 211.76901245117188, 104.41594696044922, 141.97972106933594, 178.1199951171875, 81.27755737304688, 154.5231475830078, 201.36810302734375, 123.1955337524414, 154.260986328125, 224.1634979248047, 249.1922607421875, 92.7087173461914, 88.75568389892578, 43.29328536987305, 112.74642944335938, 116.51730346679688, 104.09842681884766, 22.076641082763672, 19.913864135742188, 22.711191177368164, 62.71369552612305, 178.5594024658203, 156.43380737304688, 21.515348434448242, 8.576085090637207, 4.537080764770508, 59.15186309814453, 18.883140563964844, 9.013853073120117, 6.508566856384277, 11.524277687072754, 37.96543884277344, 10.113719940185547, 9.46463680267334, 9.144875526428223, 7.207118511199951, 4.59283447265625, 17.045263290405273, 8.268542289733887, 1.6081278324127197, 9.248403549194336, 6.177597999572754, 2.247343063354492, 6.074794769287109, 6.539684772491455, 2.486304998397827, 2.7738754749298096, 3.418748140335083, 1.1492336988449097, 1.6761481761932373, 0.9204842448234558, 0.5121877193450928, 1.491598129272461, 0.9966163635253906, 0.8451821208000183, 1.7083934545516968, 0.6298127174377441, 1.146806001663208, 1.4921740293502808, 0.8963488340377808, 0.5673801898956299, 0.9587894678115845, 1.116872787475586, 1.1919819116592407, 0.8506628274917603, 0.19434821605682373, 0.843735933303833, 0.37469592690467834, 0.5052250623703003, 0.2133665233850479, 0.7756036520004272, 0.24753865599632263, 0.0755515769124031, 0.010321687906980515, 0.284516304731369, 0.006290907505899668, 0.6491884589195251, 0.5510820746421814, 0.4854038953781128, 0.24015972018241882, 0.19001859426498413, 0.24179798364639282], "true": [120.0, 120.0, 120.0, 120.0, 120.0, 120.0, 120.0, 119.0, 118.0, 117.0, 116.0, 115.0, 114.0, 113.0, 112.0, 111.0, 110.0, 109.0, 108.0, 107.0, 106.0, 105.0, 104.0, 103.0, 102.0, 101.0, 100.0, 99.0, 98.0, 97.0, 96.0, 95.0, 94.0, 93.0, 92.0, 91.0, 90.0, 89.0, 88.0, 87.0, 86.0, 85.0, 84.0, 83.0, 82.0, 81.0, 80.0, 79.0, 78.0, 77.0, 76.0, 75.0, 74.0, 73.0, 72.0, 71.0, 70.0, 69.0, 68.0, 67.0, 66.0, 65.0, 64.0, 63.0, 62.0, 61.0, 60.0, 59.0, 58.0, 57.0, 56.0, 55.0, 54.0, 53.0, 52.0, 51.0, 50.0, 49.0, 48.0, 47.0, 46.0, 45.0, 44.0, 43.0, 42.0, 41.0, 40.0, 39.0, 38.0, 37.0, 36.0, 35.0, 34.0, 33.0, 32.0, 31.0, 30.0, 29.0, 28.0, 27.0, 26.0, 25.0, 24.0, 23.0, 22.0, 21.0, 20.0, 19.0, 18.0, 17.0, 16.0, 15.0, 14.0, 13.0, 12.0, 11.0, 10.0, 9.0, 8.0, 7.0, 6.0, 5.0, 4.0, 3.0, 2.0, 1.0, 0.0], "RMSE": 6.96}