{"mean": [122.45223236083984, 121.0713882446289, 116.70406341552734, 120.51827239990234, 120.30024719238281, 117.2098388671875, 118.89683532714844, 116.15126037597656, 118.67701721191406, 117.11231994628906, 115.44378662109375, 115.8598403930664, 113.69193267822266, 118.47328186035156, 112.449951171875, 111.21058654785156, 112.5549087524414, 112.86993408203125, 109.45185852050781, 110.5477066040039, 105.22737121582031, 111.46577453613281, 103.65794372558594, 109.80003356933594, 112.1661376953125, 108.63055419921875, 103.60371398925781, 109.1616439819336, 101.02175903320312, 104.26483154296875, 106.13199615478516, 104.9198989868164, 105.0020980834961, 102.81591796875, 101.05059814453125, 106.47337341308594, 103.46266174316406, 93.0132064819336, 99.491455078125, 103.96141052246094, 102.65592956542969, 94.08787536621094, 98.11436462402344, 100.94092559814453, 102.91800689697266, 93.72614288330078, 102.70716857910156, 97.48258209228516, 92.814453125, 95.50804138183594, 94.7580337524414, 88.10306549072266, 94.54896545410156, 99.28742980957031, 91.11280059814453, 84.06169891357422, 85.4521255493164, 77.23988342285156, 77.01954650878906, 92.98136138916016, 81.8548355102539, 66.96977233886719, 70.20376586914062, 74.47920989990234, 69.48943328857422, 68.51854705810547, 62.70166015625, 63.092140197753906, 58.44048309326172, 57.000511169433594, 61.73704147338867, 56.369529724121094, 55.54276657104492, 53.21685791015625, 52.10850143432617, 54.555641174316406, 46.7435302734375, 45.92841720581055, 46.31658172607422, 44.922359466552734, 46.0350456237793, 44.484981536865234, 43.33844757080078, 41.75138473510742, 42.30904006958008, 38.72276306152344, 38.2245979309082, 38.3450813293457, 36.80354690551758, 37.340858459472656, 36.54926681518555, 34.37116241455078, 33.013328552246094, 33.48658752441406, 33.060325622558594, 30.869705200195312, 31.44199562072754, 28.382251739501953, 27.83712387084961, 27.08907127380371, 25.25616455078125, 26.002212524414062, 23.343364715576172, 22.0987548828125, 22.371618270874023, 21.026100158691406, 19.73450469970703, 19.652788162231445, 18.06723403930664, 17.19210433959961, 16.125957489013672, 16.812889099121094, 15.867838859558105, 14.184351921081543, 13.266946792602539, 12.425415992736816, 11.363356590270996, 10.475174903869629, 9.409856796264648, 8.054902076721191, 7.265460014343262, 6.10246467590332, 4.943241596221924, 3.9358139038085938, 3.0999209880828857, 2.4038798809051514, 1.6244302988052368], "var": [7.626352310180664, 14.607177734375, 29.923120498657227, 27.31667709350586, 9.817302703857422, 12.612879753112793, 20.47296714782715, 10.498095512390137, 27.922714233398438, 34.87049865722656, 54.15769577026367, 34.43446350097656, 44.96439743041992, 14.796935081481934, 29.206445693969727, 75.30936431884766, 49.792625427246094, 59.01704025268555, 66.8700180053711, 21.060989379882812, 102.18790435791016, 38.24964141845703, 86.03309631347656, 112.49320220947266, 116.73812866210938, 113.25719451904297, 52.67398452758789, 81.38301086425781, 56.04204559326172, 98.78902435302734, 93.70565032958984, 78.9750747680664, 138.50404357910156, 170.7930450439453, 363.8553466796875, 116.92860412597656, 267.3039855957031, 295.5566711425781, 271.2510681152344, 159.2779083251953, 475.64202880859375, 197.4960174560547, 433.1761474609375, 211.3385467529297, 245.13375854492188, 309.3167419433594, 275.0521240234375, 277.9202575683594, 311.8893737792969, 143.25367736816406, 278.1236877441406, 305.2872619628906, 288.6731872558594, 233.13156127929688, 171.92481994628906, 395.3025207519531, 248.91896057128906, 335.6573486328125, 214.08309936523438, 95.02568054199219, 216.5456085205078, 187.84323120117188, 119.5421371459961, 243.02525329589844, 274.456787109375, 120.5442886352539, 84.81596374511719, 60.895751953125, 69.0392074584961, 67.3752212524414, 108.34868621826172, 161.42515563964844, 58.48432159423828, 47.18077087402344, 83.40790557861328, 75.02351379394531, 16.81861686706543, 31.496871948242188, 34.11565399169922, 35.88016128540039, 36.66819763183594, 25.87349510192871, 20.62992286682129, 24.5406551361084, 27.35735321044922, 36.10232925415039, 14.059165954589844, 28.162633895874023, 25.7982234954834, 14.477341651916504, 14.438708305358887, 4.256528854370117, 4.683631896972656, 4.0437469482421875, 3.666893243789673, 1.1134216785430908, 4.8726935386657715, 2.394327402114868, 4.874912261962891, 3.670558452606201, 3.6097967624664307, 3.7679104804992676, 2.5713531970977783, 2.1565723419189453, 1.592031478881836, 1.7756370306015015, 2.4521963596343994, 3.2630743980407715, 1.4397855997085571, 1.1660020351409912, 0.5161306858062744, 1.9163575172424316, 0.5615348219871521, 0.7505760192871094, 0.6775471568107605, 0.8201779127120972, 0.8138449192047119, 0.6061556935310364, 1.1883809566497803, 0.42569053173065186, 0.9913447499275208, 0.379474937915802, 0.18457260727882385, 0.31894877552986145, 0.31960999965667725, 0.3914174735546112, 0.20351457595825195], "true": [120.0, 120.0, 120.0, 120.0, 120.0, 120.0, 120.0, 119.0, 118.0, 117.0, 116.0, 115.0, 114.0, 113.0, 112.0, 111.0, 110.0, 109.0, 108.0, 107.0, 106.0, 105.0, 104.0, 103.0, 102.0, 101.0, 100.0, 99.0, 98.0, 97.0, 96.0, 95.0, 94.0, 93.0, 92.0, 91.0, 90.0, 89.0, 88.0, 87.0, 86.0, 85.0, 84.0, 83.0, 82.0, 81.0, 80.0, 79.0, 78.0, 77.0, 76.0, 75.0, 74.0, 73.0, 72.0, 71.0, 70.0, 69.0, 68.0, 67.0, 66.0, 65.0, 64.0, 63.0, 62.0, 61.0, 60.0, 59.0, 58.0, 57.0, 56.0, 55.0, 54.0, 53.0, 52.0, 51.0, 50.0, 49.0, 48.0, 47.0, 46.0, 45.0, 44.0, 43.0, 42.0, 41.0, 40.0, 39.0, 38.0, 37.0, 36.0, 35.0, 34.0, 33.0, 32.0, 31.0, 30.0, 29.0, 28.0, 27.0, 26.0, 25.0, 24.0, 23.0, 22.0, 21.0, 20.0, 19.0, 18.0, 17.0, 16.0, 15.0, 14.0, 13.0, 12.0, 11.0, 10.0, 9.0, 8.0, 7.0, 6.0, 5.0, 4.0, 3.0, 2.0, 1.0, 0.0], "RMSE": 8.28}