{"mean": [122.59478759765625, 118.32572937011719, 120.46855163574219, 120.04473876953125, 122.11370849609375, 120.7442626953125, 118.57796478271484, 121.69630432128906, 120.19969177246094, 121.3052978515625, 118.0118637084961, 115.47398376464844, 119.2206039428711, 118.85955810546875, 117.54875183105469, 116.73763275146484, 117.86225891113281, 117.73802185058594, 116.46031188964844, 118.17578125, 115.80419921875, 120.6458969116211, 116.0750732421875, 113.50245666503906, 114.0317611694336, 111.45294189453125, 113.40153503417969, 117.5318374633789, 114.43284606933594, 119.26993560791016, 114.1789321899414, 116.18961334228516, 108.3990478515625, 115.41552734375, 116.48968505859375, 115.81600189208984, 114.7687759399414, 113.4940414428711, 115.50238037109375, 105.29017639160156, 112.81661224365234, 110.3333740234375, 109.9749984741211, 113.49727630615234, 108.36995697021484, 105.79583740234375, 104.05106353759766, 105.38629150390625, 104.13716125488281, 104.44319915771484, 93.10991668701172, 98.25559997558594, 102.58245849609375, 107.93209075927734, 87.83533477783203, 96.34146118164062, 95.97673034667969, 95.88934326171875, 88.75743103027344, 93.62594604492188, 84.2940902709961, 93.9531021118164, 84.36373138427734, 89.38764190673828, 81.046142578125, 74.86277770996094, 77.35856628417969, 72.79208374023438, 69.80979919433594, 62.47942352294922, 67.09890747070312, 56.29962921142578, 66.91521453857422, 58.54669189453125, 57.99149703979492, 56.699806213378906, 57.7223014831543, 58.84356689453125, 52.021400451660156, 51.51198196411133, 49.71982955932617, 46.264442443847656, 46.09965133666992, 49.04121017456055, 41.75167465209961, 43.045162200927734, 41.13811492919922, 40.88117980957031, 39.27035140991211, 37.23081588745117, 38.06437301635742, 35.80547332763672, 36.96354675292969, 35.822940826416016, 33.967384338378906, 33.749839782714844, 32.7991828918457, 31.507028579711914, 31.07489585876465, 30.547550201416016, 27.95656394958496, 26.623706817626953, 26.326282501220703, 24.92719078063965, 23.556005477905273, 22.324068069458008, 21.019861221313477, 20.016521453857422, 19.93882179260254, 17.7801570892334, 17.204940795898438, 16.667360305786133, 15.124676704406738, 15.216341018676758, 13.863792419433594, 13.362195014953613, 11.817157745361328, 10.944938659667969, 9.721704483032227, 8.157476425170898, 6.8065385818481445, 6.612171173095703, 4.9504594802856445, 3.7913997173309326, 2.6939616203308105, 2.4109997749328613], "var": [28.63747215270996, 24.100481033325195, 13.002732276916504, 27.04590606689453, 29.022275924682617, 55.77122116088867, 61.17840576171875, 9.688580513000488, 18.525480270385742, 24.822484970092773, 52.87129211425781, 39.86091613769531, 45.56829071044922, 29.178035736083984, 57.64423751831055, 35.14826202392578, 16.945430755615234, 13.932658195495605, 40.161293029785156, 36.1827507019043, 78.83222198486328, 29.369474411010742, 16.25871467590332, 46.98523712158203, 46.47554016113281, 133.81365966796875, 87.27056121826172, 78.30399322509766, 38.22501754760742, 47.129119873046875, 106.56704711914062, 32.09202194213867, 79.34426879882812, 85.83573150634766, 82.87408447265625, 79.2744140625, 110.57268524169922, 178.2017822265625, 41.6082763671875, 195.5556640625, 51.996307373046875, 162.50205993652344, 147.48292541503906, 181.60438537597656, 124.10552215576172, 108.52254486083984, 218.80747985839844, 267.4337463378906, 147.06024169921875, 274.7006530761719, 317.2151184082031, 240.21197509765625, 296.70159912109375, 157.30868530273438, 277.5961608886719, 216.56393432617188, 270.669921875, 308.1458740234375, 219.3988037109375, 138.50946044921875, 128.5875244140625, 152.43946838378906, 228.19381713867188, 291.6365661621094, 161.51544189453125, 295.7160339355469, 221.0461883544922, 124.3714828491211, 196.88748168945312, 73.59303283691406, 140.58648681640625, 24.98055648803711, 128.15078735351562, 64.6340103149414, 170.74169921875, 127.15027618408203, 96.21138000488281, 33.77164840698242, 79.15917205810547, 59.851707458496094, 33.18117141723633, 29.171913146972656, 34.808799743652344, 42.68088150024414, 20.825855255126953, 25.390445709228516, 21.270179748535156, 13.830057144165039, 12.286020278930664, 12.253002166748047, 4.345803260803223, 7.515305995941162, 29.293636322021484, 4.394582748413086, 7.348396301269531, 8.159174919128418, 8.94137954711914, 5.549551486968994, 2.5181148052215576, 2.6602303981781006, 4.09128999710083, 2.7177257537841797, 3.2184700965881348, 0.8031582236289978, 1.3693032264709473, 2.629406690597534, 0.8858217000961304, 1.69031822681427, 1.5651768445968628, 0.8422983884811401, 1.1977860927581787, 3.110459089279175, 1.1769428253173828, 1.442542552947998, 0.8317177891731262, 1.1684283018112183, 0.27749449014663696, 0.37399822473526, 0.9354156255722046, 0.6428623199462891, 0.7770835757255554, 0.7614902853965759, 0.2359788566827774, 0.5580706000328064, 0.388897180557251, 0.25021588802337646], "true": [120.0, 120.0, 120.0, 120.0, 120.0, 120.0, 119.0, 118.0, 117.0, 116.0, 115.0, 114.0, 113.0, 112.0, 111.0, 110.0, 109.0, 108.0, 107.0, 106.0, 105.0, 104.0, 103.0, 102.0, 101.0, 100.0, 99.0, 98.0, 97.0, 96.0, 95.0, 94.0, 93.0, 92.0, 91.0, 90.0, 89.0, 88.0, 87.0, 86.0, 85.0, 84.0, 83.0, 82.0, 81.0, 80.0, 79.0, 78.0, 77.0, 76.0, 75.0, 74.0, 73.0, 72.0, 71.0, 70.0, 69.0, 68.0, 67.0, 66.0, 65.0, 64.0, 63.0, 62.0, 61.0, 60.0, 59.0, 58.0, 57.0, 56.0, 55.0, 54.0, 53.0, 52.0, 51.0, 50.0, 49.0, 48.0, 47.0, 46.0, 45.0, 44.0, 43.0, 42.0, 41.0, 40.0, 39.0, 38.0, 37.0, 36.0, 35.0, 34.0, 33.0, 32.0, 31.0, 30.0, 29.0, 28.0, 27.0, 26.0, 25.0, 24.0, 23.0, 22.0, 21.0, 20.0, 19.0, 18.0, 17.0, 16.0, 15.0, 14.0, 13.0, 12.0, 11.0, 10.0, 9.0, 8.0, 7.0, 6.0, 5.0, 4.0, 3.0, 2.0, 1.0, 0.0], "RMSE": 14.88}