{"mean": [99.68486022949219, 104.40940856933594, 101.78382873535156, 99.1912612915039, 96.58094787597656, 95.81867980957031, 99.59528350830078, 100.42048645019531, 86.11555480957031, 93.18965911865234, 94.48951721191406, 92.14674377441406, 87.19517517089844, 93.23931121826172, 92.55406188964844, 92.87840270996094, 100.40865325927734, 89.66673278808594, 89.58811950683594, 92.93017578125, 101.53895568847656, 110.17497253417969, 92.52381896972656, 98.364013671875, 100.62706756591797, 103.8745346069336, 104.5622329711914, 102.72320556640625, 107.57401275634766, 94.32269287109375, 107.69590759277344, 103.43148040771484, 94.57749938964844, 105.17742919921875, 100.52336120605469, 101.99058532714844, 99.19004821777344, 98.08304595947266, 95.77784729003906, 93.18385314941406, 94.24279022216797, 89.75807189941406, 87.80474853515625, 81.8611068725586, 75.63468933105469, 74.51045989990234, 77.53324890136719, 77.45172882080078, 75.40339660644531, 74.94767761230469, 85.75057220458984, 75.22606658935547, 66.16019439697266, 66.27137756347656, 70.7589111328125, 67.31192779541016, 63.262359619140625, 56.1407356262207, 59.65285110473633, 51.12563705444336, 52.81122970581055, 49.490394592285156, 49.870208740234375, 48.365562438964844, 46.40949249267578, 45.09743881225586, 46.710853576660156, 43.98570251464844, 43.47267532348633, 37.79316711425781, 38.343170166015625, 37.53350067138672, 37.65359878540039, 34.76472473144531, 34.95405960083008, 35.4709358215332, 34.26599884033203, 32.656795501708984, 32.12714385986328, 30.9234619140625, 28.550670623779297, 27.459341049194336, 26.57769203186035, 24.851573944091797, 22.666872024536133, 22.065092086791992, 21.285717010498047, 20.266368865966797, 18.904720306396484, 18.541940689086914, 17.16335678100586, 16.162832260131836, 15.479738235473633, 14.589091300964355, 13.042375564575195, 12.53978443145752, 11.042765617370605, 10.287603378295898, 9.351777076721191, 8.082876205444336, 6.599688529968262, 5.567811012268066, 4.815165042877197, 4.125105857849121, 2.769115686416626, 2.1022543907165527], "var": [77.5875244140625, 70.97602844238281, 56.86783218383789, 98.61378479003906, 82.89366149902344, 100.14142608642578, 129.652587890625, 131.51869201660156, 176.07131958007812, 147.19540405273438, 203.3908233642578, 91.76594543457031, 258.6904602050781, 192.27159118652344, 344.7216491699219, 259.2804870605469, 238.34170532226562, 308.1726989746094, 349.0343933105469, 173.8366241455078, 165.41383361816406, 31.231245040893555, 184.9440155029297, 326.0971984863281, 215.18589782714844, 190.29635620117188, 301.01580810546875, 198.14942932128906, 72.86182403564453, 263.4474792480469, 86.49935913085938, 69.65095520019531, 159.46157836914062, 130.311767578125, 91.5339584350586, 215.43307495117188, 147.64100646972656, 272.17486572265625, 126.72571563720703, 260.43914794921875, 54.21969223022461, 118.39042663574219, 214.2080841064453, 223.641357421875, 39.84604263305664, 157.51425170898438, 171.0934600830078, 241.42881774902344, 235.53956604003906, 106.34300994873047, 382.74267578125, 273.4062194824219, 77.50528717041016, 143.54425048828125, 372.9590759277344, 179.79904174804688, 65.39595794677734, 61.629093170166016, 103.65792083740234, 40.510799407958984, 64.86996459960938, 24.88736343383789, 28.421607971191406, 24.980676651000977, 15.299066543579102, 11.082822799682617, 40.5966796875, 56.65708541870117, 21.890932083129883, 11.140035629272461, 11.636923789978027, 15.321282386779785, 16.94259262084961, 1.0513241291046143, 3.2257730960845947, 10.809830665588379, 4.18403434753418, 6.834183216094971, 1.8312575817108154, 2.346625804901123, 3.2706820964813232, 3.377922773361206, 1.049456238746643, 2.6383559703826904, 0.6273318529129028, 2.285862445831299, 1.9597378969192505, 2.0979092121124268, 1.7049940824508667, 0.9740334749221802, 2.0862414836883545, 0.6820554733276367, 0.5908722281455994, 0.8530933260917664, 0.9291213154792786, 0.5001146793365479, 1.42819344997406, 0.12058950215578079, 2.3011932373046875, 0.47686967253685, 0.19194354116916656, 0.10430249571800232, 0.27506911754608154, 0.18050013482570648, 0.3905929923057556, 0.5268557071685791], "true": [105.0, 104.0, 103.0, 102.0, 101.0, 100.0, 99.0, 98.0, 97.0, 96.0, 95.0, 94.0, 93.0, 92.0, 91.0, 90.0, 89.0, 88.0, 87.0, 86.0, 85.0, 84.0, 83.0, 82.0, 81.0, 80.0, 79.0, 78.0, 77.0, 76.0, 75.0, 74.0, 73.0, 72.0, 71.0, 70.0, 69.0, 68.0, 67.0, 66.0, 65.0, 64.0, 63.0, 62.0, 61.0, 60.0, 59.0, 58.0, 57.0, 56.0, 55.0, 54.0, 53.0, 52.0, 51.0, 50.0, 49.0, 48.0, 47.0, 46.0, 45.0, 44.0, 43.0, 42.0, 41.0, 40.0, 39.0, 38.0, 37.0, 36.0, 35.0, 34.0, 33.0, 32.0, 31.0, 30.0, 29.0, 28.0, 27.0, 26.0, 25.0, 24.0, 23.0, 22.0, 21.0, 20.0, 19.0, 18.0, 17.0, 16.0, 15.0, 14.0, 13.0, 12.0, 11.0, 10.0, 9.0, 8.0, 7.0, 6.0, 5.0, 4.0, 3.0, 2.0, 1.0, 0.0], "RMSE": 14.42}