{"mean": [120.41192626953125, 119.21063232421875, 119.79107666015625, 116.7770004272461, 116.88508605957031, 116.7392807006836, 117.2763671875, 112.2659912109375, 113.78239440917969, 117.19969177246094, 115.58058166503906, 119.60371398925781, 115.97288513183594, 117.1624755859375, 116.54286193847656, 119.20933532714844, 118.37532043457031, 118.4797134399414, 114.2075424194336, 116.43123626708984, 117.40428161621094, 120.4077377319336, 116.1830825805664, 117.5082015991211, 115.7262191772461, 110.79638671875, 113.63847351074219, 112.7425537109375, 117.93148040771484, 110.29541015625, 108.84197998046875, 118.7312240600586, 115.5526123046875, 118.29325866699219, 113.54652404785156, 115.22489166259766, 114.3755874633789, 106.23319244384766, 112.4179458618164, 113.28692626953125, 110.17794036865234, 105.85538482666016, 104.2017593383789, 107.7720947265625, 96.92100524902344, 97.44172668457031, 95.68623352050781, 89.77171325683594, 93.26286315917969, 88.70752716064453, 88.93896484375, 83.26534271240234, 83.57191467285156, 85.85224914550781, 84.5010757446289, 78.63392639160156, 85.68263244628906, 78.4580078125, 78.72286224365234, 76.1574935913086, 75.6237564086914, 79.08199310302734, 76.4886474609375, 74.68730926513672, 74.51697540283203, 74.05025482177734, 75.59952545166016, 74.89454650878906, 73.50617980957031, 69.16389465332031, 68.3409194946289, 69.39288330078125, 65.49080657958984, 66.8069076538086, 63.20813751220703, 62.32197952270508, 57.32993698120117, 53.21244430541992, 51.81638717651367, 49.698631286621094, 49.252323150634766, 50.89249038696289, 50.761695861816406, 48.85613250732422, 47.916175842285156, 47.070526123046875, 45.83399963378906, 46.25919723510742, 45.59874725341797, 42.96543502807617, 43.72306442260742, 42.80473709106445, 40.70070266723633, 38.09204864501953, 36.731327056884766, 37.18720245361328, 35.12907791137695, 34.38850784301758, 37.0085334777832, 37.56899642944336, 32.423946380615234, 30.1927547454834, 26.279476165771484, 25.507755279541016, 21.217693328857422, 18.663227081298828, 17.806198120117188, 17.706073760986328, 17.324817657470703, 14.203855514526367, 14.30577278137207, 13.632166862487793, 12.641581535339355, 12.320280075073242, 10.99487018585205, 8.647197723388672, 7.888352394104004, 5.4718804359436035, 5.147441864013672, 4.0564961433410645, 3.147014617919922, 2.5412211418151855, 2.064009666442871, 2.075000286102295], "var": [6.842067718505859, 6.079104423522949, 14.870051383972168, 111.87432861328125, 22.239749908447266, 12.341612815856934, 45.083648681640625, 142.87985229492188, 77.39765167236328, 20.91390609741211, 20.688077926635742, 4.0851640701293945, 49.298824310302734, 12.952642440795898, 11.1746187210083, 18.01896858215332, 9.016565322875977, 12.656559944152832, 76.08570098876953, 4.169407367706299, 7.704535484313965, 13.469069480895996, 101.01988220214844, 11.220538139343262, 19.682353973388672, 159.2269287109375, 61.36890411376953, 85.19866180419922, 27.309036254882812, 103.53816986083984, 150.55392456054688, 6.612836837768555, 28.07143211364746, 17.619524002075195, 35.374324798583984, 25.06265640258789, 25.334318161010742, 87.34388732910156, 13.755334854125977, 38.73603439331055, 104.22964477539062, 211.64100646972656, 61.17039489746094, 49.13981246948242, 122.95851135253906, 82.6181411743164, 94.79531860351562, 162.49444580078125, 144.67617797851562, 148.4468994140625, 61.26042938232422, 21.843276977539062, 21.14621353149414, 46.94637680053711, 50.55813980102539, 35.075984954833984, 160.85748291015625, 101.15459442138672, 23.979087829589844, 10.439085006713867, 16.295881271362305, 24.395694732666016, 14.231281280517578, 29.118566513061523, 13.472868919372559, 35.00613021850586, 11.63242244720459, 65.05107879638672, 6.516545295715332, 18.629352569580078, 14.16560173034668, 29.14824867248535, 14.23788833618164, 33.6616096496582, 9.515815734863281, 12.930401802062988, 11.678211212158203, 7.338222980499268, 2.033778667449951, 3.178256034851074, 3.004887819290161, 4.047435760498047, 2.5993523597717285, 5.295029163360596, 3.3627970218658447, 1.4465200901031494, 3.1212880611419678, 2.634000301361084, 3.7797844409942627, 3.080340623855591, 1.1202197074890137, 1.7358543872833252, 3.5318667888641357, 2.36977481842041, 3.068255662918091, 2.037902355194092, 3.570394515991211, 3.2191317081451416, 7.138476371765137, 4.408430099487305, 4.537389278411865, 2.4946846961975098, 2.642474412918091, 3.0798511505126953, 1.2386705875396729, 2.129682779312134, 1.325492024421692, 1.384487271308899, 2.1350882053375244, 2.0120718479156494, 0.8702005743980408, 1.5318011045455933, 0.8608464002609253, 0.7477654218673706, 0.9520508646965027, 0.673637866973877, 0.6298646330833435, 0.5525861978530884, 0.49560266733169556, 0.2664453089237213, 0.11970050632953644, 0.19900065660476685, 0.20896482467651367, 0.1154872328042984], "true": [120.0, 120.0, 120.0, 120.0, 119.0, 118.0, 117.0, 116.0, 115.0, 114.0, 113.0, 112.0, 111.0, 110.0, 109.0, 108.0, 107.0, 106.0, 105.0, 104.0, 103.0, 102.0, 101.0, 100.0, 99.0, 98.0, 97.0, 96.0, 95.0, 94.0, 93.0, 92.0, 91.0, 90.0, 89.0, 88.0, 87.0, 86.0, 85.0, 84.0, 83.0, 82.0, 81.0, 80.0, 79.0, 78.0, 77.0, 76.0, 75.0, 74.0, 73.0, 72.0, 71.0, 70.0, 69.0, 68.0, 67.0, 66.0, 65.0, 64.0, 63.0, 62.0, 61.0, 60.0, 59.0, 58.0, 57.0, 56.0, 55.0, 54.0, 53.0, 52.0, 51.0, 50.0, 49.0, 48.0, 47.0, 46.0, 45.0, 44.0, 43.0, 42.0, 41.0, 40.0, 39.0, 38.0, 37.0, 36.0, 35.0, 34.0, 33.0, 32.0, 31.0, 30.0, 29.0, 28.0, 27.0, 26.0, 25.0, 24.0, 23.0, 22.0, 21.0, 20.0, 19.0, 18.0, 17.0, 16.0, 15.0, 14.0, 13.0, 12.0, 11.0, 10.0, 9.0, 8.0, 7.0, 6.0, 5.0, 4.0, 3.0, 2.0, 1.0, 0.0], "RMSE": 13.64}