{"mean": [121.76396179199219, 121.005859375, 121.05718994140625, 121.11164855957031, 122.94282531738281, 121.9275131225586, 123.29969787597656, 121.63865661621094, 120.65370178222656, 121.10209655761719, 120.54217529296875, 118.04341888427734, 120.12126159667969, 121.43965148925781, 120.58781433105469, 121.08951568603516, 120.56645202636719, 119.9940414428711, 120.49459075927734, 117.959716796875, 120.12772369384766, 120.06025695800781, 118.01053619384766, 118.98997497558594, 119.39794921875, 120.36070251464844, 118.92826080322266, 119.27535247802734, 118.42669677734375, 118.17891693115234, 118.49501037597656, 118.72061920166016, 118.5539321899414, 117.638916015625, 115.19444274902344, 114.82047271728516, 115.79681396484375, 114.62589263916016, 115.1748046875, 114.3472671508789, 113.72673034667969, 109.51953125, 108.82542419433594, 105.27058410644531, 109.1938705444336, 110.48184967041016, 103.71478271484375, 104.28993225097656, 106.0010757446289, 102.5205078125, 106.06196594238281, 102.03300476074219, 93.45623016357422, 85.77201080322266, 89.29495239257812, 86.61156463623047, 84.0970230102539, 81.85884857177734, 80.45767974853516, 77.72742462158203, 81.75514221191406, 81.23480987548828, 80.31669616699219, 76.01469421386719, 73.87333679199219, 68.94820404052734, 68.47150421142578, 71.5201187133789, 73.01107788085938, 74.47004699707031, 77.19773864746094, 71.97132873535156, 70.71633911132812, 67.75617980957031, 69.64488220214844, 66.30909729003906, 60.22966766357422, 60.68217849731445, 58.82372283935547, 59.51720428466797, 58.89347457885742, 55.93097686767578, 53.565406799316406, 57.73040008544922, 52.0461311340332, 52.99492263793945, 51.566978454589844, 52.162269592285156, 53.7283821105957, 51.03573226928711, 48.554283142089844, 50.22018814086914, 50.51030731201172, 49.66492462158203, 46.917449951171875, 46.28477096557617, 44.872779846191406, 45.6690788269043, 42.55561828613281, 40.40106964111328, 38.382179260253906, 38.72312545776367, 36.05303192138672, 34.65450668334961, 29.320846557617188, 29.022281646728516, 26.556636810302734, 25.253982543945312, 25.893966674804688, 21.817214965820312, 21.36209487915039, 20.315189361572266, 17.89557456970215, 17.823209762573242, 20.530202865600586, 18.243831634521484, 17.67319679260254, 16.06148338317871, 16.401521682739258, 14.499882698059082, 12.731298446655273, 10.582542419433594, 9.18527889251709, 5.613687038421631, 4.3705339431762695], "var": [7.882355213165283, 8.88135814666748, 5.234487533569336, 7.083613872528076, 7.55328893661499, 9.903871536254883, 10.1888427734375, 3.9641897678375244, 6.221368312835693, 10.81483268737793, 10.099557876586914, 7.560600280761719, 4.389849662780762, 6.446891784667969, 6.111572742462158, 4.880979061126709, 7.666844367980957, 12.501940727233887, 7.910150527954102, 9.087804794311523, 17.391342163085938, 7.690582275390625, 19.07697296142578, 6.198665618896484, 13.723201751708984, 5.409415245056152, 7.188383102416992, 5.925572395324707, 2.5727553367614746, 12.058672904968262, 5.5606489181518555, 8.00596809387207, 7.943828582763672, 7.682226657867432, 12.370943069458008, 30.259023666381836, 6.4162163734436035, 11.120452880859375, 18.9642276763916, 30.21791648864746, 8.640624046325684, 27.651077270507812, 66.0703353881836, 13.731403350830078, 32.53064727783203, 37.62656021118164, 131.08189392089844, 67.07828521728516, 76.3012466430664, 51.22876739501953, 32.22456741333008, 84.44570922851562, 91.91658020019531, 47.19260025024414, 68.73246002197266, 54.084938049316406, 6.242577075958252, 23.619016647338867, 19.311710357666016, 11.038576126098633, 12.780181884765625, 42.269569396972656, 15.961258888244629, 24.78594398498535, 38.71200180053711, 13.055098533630371, 27.90760612487793, 16.95516014099121, 28.51154136657715, 23.090986251831055, 27.67205047607422, 20.786123275756836, 24.195859909057617, 63.345550537109375, 91.70894622802734, 18.77250099182129, 19.31789207458496, 59.822105407714844, 24.949703216552734, 8.711978912353516, 26.734949111938477, 4.830709457397461, 6.731460094451904, 9.37177562713623, 3.960779905319214, 3.7132036685943604, 5.363943576812744, 5.139655590057373, 7.062262058258057, 3.511366844177246, 5.737485885620117, 5.6524786949157715, 5.100992679595947, 3.13679838180542, 3.4560248851776123, 10.018631935119629, 2.307356119155884, 7.066617012023926, 2.4528307914733887, 2.1669905185699463, 3.1652891635894775, 6.173165321350098, 1.0668047666549683, 3.975907564163208, 2.6563446521759033, 3.286850929260254, 1.7299284934997559, 2.270777940750122, 3.1437652111053467, 2.430854558944702, 1.3253605365753174, 1.0137205123901367, 0.4710741341114044, 1.0474096536636353, 2.8769237995147705, 0.7501696348190308, 1.3783538341522217, 0.654215931892395, 1.1186044216156006, 0.8562319278717041, 1.0493189096450806, 0.8694993853569031, 0.9390621781349182, 0.2699800133705139, 0.11800268292427063], "true": [120.0, 120.0, 120.0, 120.0, 120.0, 119.0, 118.0, 117.0, 116.0, 115.0, 114.0, 113.0, 112.0, 111.0, 110.0, 109.0, 108.0, 107.0, 106.0, 105.0, 104.0, 103.0, 102.0, 101.0, 100.0, 99.0, 98.0, 97.0, 96.0, 95.0, 94.0, 93.0, 92.0, 91.0, 90.0, 89.0, 88.0, 87.0, 86.0, 85.0, 84.0, 83.0, 82.0, 81.0, 80.0, 79.0, 78.0, 77.0, 76.0, 75.0, 74.0, 73.0, 72.0, 71.0, 70.0, 69.0, 68.0, 67.0, 66.0, 65.0, 64.0, 63.0, 62.0, 61.0, 60.0, 59.0, 58.0, 57.0, 56.0, 55.0, 54.0, 53.0, 52.0, 51.0, 50.0, 49.0, 48.0, 47.0, 46.0, 45.0, 44.0, 43.0, 42.0, 41.0, 40.0, 39.0, 38.0, 37.0, 36.0, 35.0, 34.0, 33.0, 32.0, 31.0, 30.0, 29.0, 28.0, 27.0, 26.0, 25.0, 24.0, 23.0, 22.0, 21.0, 20.0, 19.0, 18.0, 17.0, 16.0, 15.0, 14.0, 13.0, 12.0, 11.0, 10.0, 9.0, 8.0, 7.0, 6.0, 5.0, 4.0, 3.0, 2.0, 1.0, 0.0], "RMSE": 17.24}