{"mean": [119.66859436035156, 119.35684967041016, 120.09822845458984, 119.5211181640625, 119.47969818115234, 118.37947845458984, 118.38392639160156, 117.3098373413086, 118.1124038696289, 117.41197204589844, 116.48795318603516, 119.36429595947266, 119.76466369628906, 121.11002349853516, 118.7712631225586, 118.72242736816406, 118.4330062866211, 117.79251861572266, 117.80049133300781, 117.10426330566406, 116.3796157836914, 118.10235595703125, 116.24159240722656, 117.01114654541016, 116.8346939086914, 115.2127685546875, 115.4579086303711, 115.40702056884766, 113.56785583496094, 111.09709167480469, 110.3521728515625, 114.2427978515625, 110.31846618652344, 111.16294860839844, 109.87370300292969, 112.27595520019531, 114.9954833984375, 113.07563781738281, 107.899658203125, 111.80426025390625, 99.27206420898438, 96.63227081298828, 97.34204864501953, 96.83634948730469, 94.3096694946289, 91.66687774658203, 89.07496643066406, 90.12275695800781, 92.9370346069336, 95.0062026977539, 100.96260070800781, 94.49414825439453, 94.11383819580078, 94.55261993408203, 96.46237182617188, 93.48650360107422, 96.36157989501953, 91.14888000488281, 89.37101745605469, 88.57347106933594, 81.8957748413086, 83.55926513671875, 76.48289489746094, 71.12232971191406, 70.8838119506836, 66.57909393310547, 61.823646545410156, 60.14902877807617, 52.2341423034668, 49.58353042602539, 47.414085388183594, 44.720314025878906, 44.26612854003906, 39.93092346191406, 38.1563606262207, 38.98887252807617, 40.408058166503906, 37.530250549316406, 34.941925048828125, 34.52726745605469, 31.3339786529541, 32.04638671875, 29.01787757873535, 27.436925888061523, 28.028564453125, 26.25052833557129, 26.96932601928711, 25.185808181762695, 26.405197143554688, 25.562946319580078, 22.741361618041992, 19.174407958984375, 18.291790008544922, 16.913297653198242, 14.026659965515137, 11.95823860168457, 11.207982063293457, 10.764318466186523, 10.071674346923828, 8.822160720825195, 7.171069145202637, 6.18592643737793, 5.12813663482666, 4.854380130767822, 3.4655203819274902, 2.743386745452881, 2.569995880126953, 2.1195523738861084], "var": [8.247639656066895, 7.018308162689209, 3.2178072929382324, 14.352947235107422, 32.52461242675781, 7.663974761962891, 12.346365928649902, 7.069762706756592, 7.551654815673828, 9.716492652893066, 4.688310623168945, 8.531493186950684, 8.253464698791504, 3.7875661849975586, 12.303959846496582, 10.94576644897461, 7.035220623016357, 8.54860782623291, 8.992223739624023, 15.251778602600098, 5.180341720581055, 12.246316909790039, 6.318784713745117, 3.3674488067626953, 11.111331939697266, 39.99513626098633, 6.376867771148682, 9.86066722869873, 16.32569694519043, 26.91238021850586, 10.701482772827148, 31.21088981628418, 68.86888885498047, 76.85926055908203, 31.195499420166016, 46.94281005859375, 8.619983673095703, 14.219371795654297, 31.235919952392578, 24.47344207763672, 222.3699188232422, 145.22299194335938, 73.543212890625, 122.61376190185547, 124.37834930419922, 227.73849487304688, 193.33151245117188, 157.08714294433594, 84.89432525634766, 205.0896453857422, 48.478721618652344, 136.19480895996094, 105.81758117675781, 154.95526123046875, 154.16766357421875, 110.46864318847656, 191.75938415527344, 119.17891693115234, 119.52436065673828, 101.6005859375, 102.8358154296875, 79.83387756347656, 31.594215393066406, 40.99251937866211, 48.13673400878906, 25.101530075073242, 16.40593147277832, 9.771197319030762, 7.876180171966553, 18.136756896972656, 26.214399337768555, 9.108838081359863, 27.46906852722168, 8.62617301940918, 4.944631576538086, 5.152966499328613, 15.5153169631958, 4.240610599517822, 6.573762893676758, 5.71308708190918, 4.505090713500977, 2.0898187160491943, 1.7821639776229858, 3.9024198055267334, 1.6204249858856201, 3.0454630851745605, 4.810284614562988, 2.1291909217834473, 2.6853702068328857, 1.7316197156906128, 1.9905556440353394, 2.0179638862609863, 1.341026782989502, 2.1096389293670654, 1.4108027219772339, 0.5407403707504272, 0.3728060722351074, 0.8130541443824768, 0.27759847044944763, 0.17429815232753754, 0.3843095898628235, 0.47062116861343384, 0.25627416372299194, 0.4135070741176605, 0.13705886900424957, 0.2900334894657135, 0.07460813969373703, 0.22441570460796356], "true": [107.0, 106.0, 105.0, 104.0, 103.0, 102.0, 101.0, 100.0, 99.0, 98.0, 97.0, 96.0, 95.0, 94.0, 93.0, 92.0, 91.0, 90.0, 89.0, 88.0, 87.0, 86.0, 85.0, 84.0, 83.0, 82.0, 81.0, 80.0, 79.0, 78.0, 77.0, 76.0, 75.0, 74.0, 73.0, 72.0, 71.0, 70.0, 69.0, 68.0, 67.0, 66.0, 65.0, 64.0, 63.0, 62.0, 61.0, 60.0, 59.0, 58.0, 57.0, 56.0, 55.0, 54.0, 53.0, 52.0, 51.0, 50.0, 49.0, 48.0, 47.0, 46.0, 45.0, 44.0, 43.0, 42.0, 41.0, 40.0, 39.0, 38.0, 37.0, 36.0, 35.0, 34.0, 33.0, 32.0, 31.0, 30.0, 29.0, 28.0, 27.0, 26.0, 25.0, 24.0, 23.0, 22.0, 21.0, 20.0, 19.0, 18.0, 17.0, 16.0, 15.0, 14.0, 13.0, 12.0, 11.0, 10.0, 9.0, 8.0, 7.0, 6.0, 5.0, 4.0, 3.0, 2.0, 1.0, 0.0], "RMSE": 25.67}