{"mean": [104.84053039550781, 108.7872085571289, 103.19281005859375, 109.83726501464844, 101.6574935913086, 96.44459533691406, 101.37774658203125, 100.75971984863281, 101.7118911743164, 90.46910858154297, 94.79552459716797, 94.8495101928711, 97.99739074707031, 99.79200744628906, 99.98297882080078, 107.38163757324219, 93.01499938964844, 101.18711853027344, 89.93470764160156, 106.67787170410156, 102.47785949707031, 107.63716125488281, 98.27301025390625, 108.8930892944336, 111.32735443115234, 105.71700286865234, 110.95843505859375, 107.4901123046875, 104.3863754272461, 110.00396728515625, 106.0667724609375, 112.22434997558594, 108.11958312988281, 105.47505187988281, 95.81355285644531, 94.63386535644531, 96.83175659179688, 86.635986328125, 81.8701400756836, 75.83757019042969, 76.68692016601562, 85.2219009399414, 72.33595275878906, 82.33216857910156, 75.29656219482422, 74.18694305419922, 73.89848327636719, 71.63530731201172, 76.97229766845703, 71.20877838134766, 68.99298095703125, 70.91065979003906, 69.55776977539062, 74.66475677490234, 71.33350372314453, 73.24513244628906, 72.17053985595703, 71.89805603027344, 72.67230987548828, 70.79499816894531, 72.007568359375, 70.70347595214844, 74.18058776855469, 72.68941497802734, 70.52566528320312, 69.86770629882812, 68.76578521728516, 63.3701171875, 60.33091354370117, 61.1497802734375, 56.80950164794922, 55.137184143066406, 58.45032501220703, 51.577850341796875, 56.9055290222168, 53.86406326293945, 53.42659378051758, 52.527687072753906, 49.01685333251953, 44.10145950317383, 46.52471160888672, 44.109153747558594, 48.585018157958984, 46.339759826660156, 46.22214889526367, 45.99592590332031, 43.818931579589844, 39.52320861816406, 41.346099853515625, 39.90087890625, 40.50587463378906, 35.43949890136719, 34.54798889160156, 36.47693634033203, 34.194583892822266, 31.648792266845703, 32.2185173034668, 31.668201446533203, 30.2911434173584, 28.618732452392578, 28.197986602783203, 31.705469131469727, 28.991464614868164, 29.1312313079834, 29.3677978515625, 25.624134063720703, 25.350360870361328, 22.351343154907227, 21.482471466064453, 18.96274185180664, 15.638427734375, 15.251765251159668, 15.519627571105957, 14.645425796508789, 12.547503471374512, 9.879792213439941, 9.559353828430176, 9.46849250793457, 8.569341659545898, 6.048709869384766, 4.629775047302246, 4.282248497009277, 3.5352070331573486, 3.172100305557251, 3.0212759971618652], "var": [35.02913284301758, 39.25278854370117, 83.9625244140625, 32.264488220214844, 105.61756134033203, 74.40515899658203, 125.00141906738281, 150.4300994873047, 171.9034881591797, 160.89157104492188, 202.39698791503906, 111.58252716064453, 136.63442993164062, 186.5981903076172, 124.7293472290039, 102.62248229980469, 24.682010650634766, 95.45034790039062, 146.67428588867188, 96.35557556152344, 78.10621643066406, 47.10576629638672, 183.6580352783203, 49.525054931640625, 17.150657653808594, 86.47611999511719, 54.29566192626953, 56.41990661621094, 123.03329467773438, 58.464073181152344, 79.86285400390625, 28.46946144104004, 87.66584014892578, 165.76992797851562, 126.09761047363281, 215.64169311523438, 197.6847686767578, 228.8004913330078, 95.4501724243164, 109.29312133789062, 69.93586730957031, 198.24411010742188, 17.201656341552734, 121.52112579345703, 169.52391052246094, 44.57735061645508, 55.85740280151367, 29.26369857788086, 47.28322219848633, 58.189781188964844, 19.955476760864258, 50.30937576293945, 21.34454345703125, 43.01803970336914, 42.744529724121094, 23.37630271911621, 19.466604232788086, 40.195377349853516, 32.140533447265625, 34.497406005859375, 31.357702255249023, 34.90004348754883, 25.986568450927734, 27.235153198242188, 12.74815559387207, 26.721345901489258, 23.855688095092773, 38.806941986083984, 39.25107955932617, 19.50910758972168, 51.75544738769531, 33.58305358886719, 72.25884246826172, 31.202306747436523, 74.34199523925781, 40.06233596801758, 73.4974365234375, 19.303068161010742, 20.72089958190918, 14.321263313293457, 35.48146438598633, 18.18971061706543, 59.604061126708984, 32.96969223022461, 25.31927490234375, 25.78887176513672, 20.155366897583008, 13.75734806060791, 24.31990623474121, 18.02672004699707, 4.748183250427246, 16.360231399536133, 10.252556800842285, 14.596073150634766, 5.56086540222168, 5.80711555480957, 5.619296073913574, 6.087064266204834, 4.121392726898193, 2.9270474910736084, 2.8578808307647705, 2.993074417114258, 1.993091344833374, 3.5427558422088623, 3.868955373764038, 3.3734068870544434, 3.549145221710205, 1.0697824954986572, 2.3613474369049072, 2.381049633026123, 1.0702584981918335, 0.2936188876628876, 0.18809092044830322, 0.6355190873146057, 1.1720961332321167, 0.5219125747680664, 1.0130341053009033, 0.5264308452606201, 0.7874168753623962, 0.5845835208892822, 0.16071268916130066, 0.43596455454826355, 0.21695442497730255, 0.15743309259414673, 0.1335301697254181], "true": [120.0, 120.0, 120.0, 120.0, 120.0, 119.0, 118.0, 117.0, 116.0, 115.0, 114.0, 113.0, 112.0, 111.0, 110.0, 109.0, 108.0, 107.0, 106.0, 105.0, 104.0, 103.0, 102.0, 101.0, 100.0, 99.0, 98.0, 97.0, 96.0, 95.0, 94.0, 93.0, 92.0, 91.0, 90.0, 89.0, 88.0, 87.0, 86.0, 85.0, 84.0, 83.0, 82.0, 81.0, 80.0, 79.0, 78.0, 77.0, 76.0, 75.0, 74.0, 73.0, 72.0, 71.0, 70.0, 69.0, 68.0, 67.0, 66.0, 65.0, 64.0, 63.0, 62.0, 61.0, 60.0, 59.0, 58.0, 57.0, 56.0, 55.0, 54.0, 53.0, 52.0, 51.0, 50.0, 49.0, 48.0, 47.0, 46.0, 45.0, 44.0, 43.0, 42.0, 41.0, 40.0, 39.0, 38.0, 37.0, 36.0, 35.0, 34.0, 33.0, 32.0, 31.0, 30.0, 29.0, 28.0, 27.0, 26.0, 25.0, 24.0, 23.0, 22.0, 21.0, 20.0, 19.0, 18.0, 17.0, 16.0, 15.0, 14.0, 13.0, 12.0, 11.0, 10.0, 9.0, 8.0, 7.0, 6.0, 5.0, 4.0, 3.0, 2.0, 1.0, 0.0], "RMSE": 8.55}