{"mean": [119.60501861572266, 120.04188537597656, 119.40763092041016, 118.74214172363281, 118.05961608886719, 119.65592193603516, 117.94407653808594, 118.603271484375, 119.60765075683594, 119.06413269042969, 119.23463439941406, 120.694580078125, 118.8548583984375, 117.33748626708984, 119.9875717163086, 117.8907699584961, 118.56465911865234, 115.33612060546875, 117.77510833740234, 116.17350006103516, 116.4781265258789, 117.06587219238281, 116.0998764038086, 116.73570251464844, 115.16756439208984, 117.54078674316406, 117.25972747802734, 116.3199462890625, 112.9883041381836, 113.3233871459961, 111.24839782714844, 107.10893249511719, 107.7552261352539, 105.1117172241211, 103.7755126953125, 103.95953369140625, 104.04435729980469, 105.99687194824219, 95.88240814208984, 100.37010192871094, 95.24357604980469, 95.75120544433594, 98.47065734863281, 90.0893325805664, 93.16778564453125, 90.9232177734375, 87.34848022460938, 83.24373626708984, 83.34078979492188, 78.82025909423828, 78.74059295654297, 77.44734191894531, 69.9788589477539, 70.2415542602539, 73.65172576904297, 73.15272521972656, 74.06909942626953, 74.10358428955078, 72.84286499023438, 73.32868957519531, 69.31340026855469, 70.04954528808594, 66.73260498046875, 64.68119049072266, 62.670082092285156, 65.91635131835938, 65.72866821289062, 60.85124969482422, 62.93072509765625, 63.86946487426758, 61.0058479309082, 59.9434928894043, 56.808990478515625, 53.188812255859375, 53.08324432373047, 50.18438720703125, 48.358909606933594, 45.58495330810547, 42.72117233276367, 40.21495056152344, 41.165164947509766, 41.88559341430664, 40.409889221191406, 38.60205078125, 37.69804763793945, 38.364173889160156, 37.30764389038086, 35.331199645996094, 33.93842697143555, 32.535133361816406, 28.75124168395996, 26.741073608398438, 25.443862915039062, 20.102203369140625, 19.984210968017578, 17.808975219726562, 17.487157821655273, 15.490933418273926, 16.491275787353516, 15.596246719360352, 14.32994270324707, 11.829004287719727, 9.458168983459473, 7.235299110412598, 5.426351070404053, 4.703958988189697, 3.3768303394317627, 2.7771220207214355], "var": [7.933381080627441, 8.930939674377441, 16.234500885009766, 8.703506469726562, 14.910088539123535, 10.478957176208496, 9.799287796020508, 13.062128067016602, 5.784473419189453, 9.6141939163208, 10.140573501586914, 8.023714065551758, 6.498274803161621, 8.505802154541016, 5.446664810180664, 26.515579223632812, 20.374364852905273, 6.189168930053711, 7.915286540985107, 8.33375358581543, 19.38156509399414, 4.383823871612549, 20.28066062927246, 12.969453811645508, 25.84018898010254, 22.35520362854004, 5.3873491287231445, 23.192251205444336, 39.032413482666016, 40.890506744384766, 8.936417579650879, 88.62983703613281, 32.73849868774414, 34.90127944946289, 77.08904266357422, 44.754390716552734, 26.076475143432617, 40.19194412231445, 116.41034698486328, 81.79460144042969, 64.78211212158203, 59.882144927978516, 61.43494415283203, 86.96537017822266, 131.8101043701172, 148.77609252929688, 162.46636962890625, 78.74125671386719, 71.4480972290039, 84.7054443359375, 154.8468017578125, 88.08683013916016, 34.71699142456055, 22.17975616455078, 58.47175216674805, 51.321285247802734, 54.46681213378906, 42.16057586669922, 35.408504486083984, 37.68701934814453, 60.64679718017578, 21.262662887573242, 24.711721420288086, 13.19214153289795, 47.11564254760742, 22.78158187866211, 18.339946746826172, 20.163982391357422, 15.927111625671387, 11.682563781738281, 20.390357971191406, 12.937326431274414, 27.92713737487793, 18.931184768676758, 11.82995319366455, 7.035767555236816, 5.845738887786865, 4.792234420776367, 6.082409858703613, 1.9570839405059814, 4.65382194519043, 3.1351797580718994, 3.7024083137512207, 3.3602066040039062, 2.1034278869628906, 2.1426291465759277, 4.177999019622803, 1.8989477157592773, 2.0115621089935303, 4.67875862121582, 1.7369256019592285, 3.3482775688171387, 2.283012866973877, 1.1417932510375977, 1.1705310344696045, 1.664947509765625, 0.7784838676452637, 1.6086254119873047, 2.0349721908569336, 0.6768027544021606, 0.6743742823600769, 0.6781508922576904, 0.3299565315246582, 0.2633872926235199, 0.5745609402656555, 0.6357632279396057, 0.1538955420255661, 0.0577440969645977], "true": [107.0, 106.0, 105.0, 104.0, 103.0, 102.0, 101.0, 100.0, 99.0, 98.0, 97.0, 96.0, 95.0, 94.0, 93.0, 92.0, 91.0, 90.0, 89.0, 88.0, 87.0, 86.0, 85.0, 84.0, 83.0, 82.0, 81.0, 80.0, 79.0, 78.0, 77.0, 76.0, 75.0, 74.0, 73.0, 72.0, 71.0, 70.0, 69.0, 68.0, 67.0, 66.0, 65.0, 64.0, 63.0, 62.0, 61.0, 60.0, 59.0, 58.0, 57.0, 56.0, 55.0, 54.0, 53.0, 52.0, 51.0, 50.0, 49.0, 48.0, 47.0, 46.0, 45.0, 44.0, 43.0, 42.0, 41.0, 40.0, 39.0, 38.0, 37.0, 36.0, 35.0, 34.0, 33.0, 32.0, 31.0, 30.0, 29.0, 28.0, 27.0, 26.0, 25.0, 24.0, 23.0, 22.0, 21.0, 20.0, 19.0, 18.0, 17.0, 16.0, 15.0, 14.0, 13.0, 12.0, 11.0, 10.0, 9.0, 8.0, 7.0, 6.0, 5.0, 4.0, 3.0, 2.0, 1.0, 0.0], "RMSE": 22.58}