{"mean": [105.58426666259766, 107.6141586303711, 106.0503158569336, 112.57685852050781, 114.41133117675781, 109.5090560913086, 111.4508285522461, 112.4228515625, 112.83587646484375, 109.0069580078125, 107.0304183959961, 111.3113784790039, 102.08860778808594, 103.1428451538086, 112.19315338134766, 106.20429992675781, 107.7070541381836, 102.53532409667969, 105.56455993652344, 100.47483825683594, 89.1124267578125, 104.0476303100586, 95.64573669433594, 102.07563781738281, 100.45051574707031, 97.38166809082031, 100.92955017089844, 105.806640625, 100.85862731933594, 109.26776123046875, 104.84268951416016, 106.99736022949219, 100.00509643554688, 103.72346496582031, 94.32901000976562, 99.04312896728516, 98.01885986328125, 94.68751525878906, 97.35530853271484, 102.6513671875, 99.08380889892578, 96.39958953857422, 94.60368347167969, 99.3732681274414, 90.21623229980469, 90.8044204711914, 90.78955078125, 85.96546936035156, 86.33073425292969, 81.63157653808594, 76.70498657226562, 74.66206359863281, 75.3211669921875, 83.94051361083984, 76.41915130615234, 73.81947326660156, 73.54618072509766, 71.06953430175781, 68.76472473144531, 72.90803527832031, 67.302978515625, 66.70869445800781, 63.71544647216797, 63.3653450012207, 59.2730827331543, 56.469818115234375, 58.8679313659668, 58.99494171142578, 59.641090393066406, 58.53327560424805, 60.53179931640625, 60.00841522216797, 60.961753845214844, 54.220787048339844, 54.046058654785156, 56.053504943847656, 53.51228713989258, 51.52545928955078, 51.73432540893555, 53.85674285888672, 48.94716262817383, 47.4197998046875, 45.1900634765625, 44.258705139160156, 46.1048469543457, 45.737342834472656, 46.16128921508789, 42.942108154296875, 41.917537689208984, 42.622222900390625, 39.568504333496094, 41.358177185058594, 40.73938751220703, 39.27626419067383, 35.92638397216797, 35.28996658325195, 35.42911911010742, 34.40917205810547, 32.63652038574219, 31.460058212280273, 27.480627059936523, 26.997085571289062, 23.925996780395508, 22.027000427246094, 24.123794555664062, 21.16059112548828, 16.036853790283203, 14.754478454589844, 14.343295097351074, 13.3279390335083, 12.38050365447998, 12.914901733398438, 10.484794616699219, 9.249131202697754, 6.628063201904297, 5.027204513549805, 4.253554821014404, 3.4713122844696045], "var": [151.89012145996094, 127.69076538085938, 171.912109375, 69.95567321777344, 46.09055709838867, 166.90684509277344, 79.26577758789062, 121.8107681274414, 88.79674530029297, 69.9085693359375, 152.3849639892578, 58.96419906616211, 151.382080078125, 146.8267059326172, 45.66221237182617, 150.34910583496094, 45.78816604614258, 133.45863342285156, 83.41754150390625, 63.28468704223633, 44.27862548828125, 79.38239288330078, 44.062469482421875, 125.79383087158203, 186.871826171875, 120.70162963867188, 201.47482299804688, 144.1201629638672, 104.01516723632812, 103.7227783203125, 150.71591186523438, 72.90724182128906, 130.4600372314453, 67.21887969970703, 115.52706146240234, 144.8007354736328, 90.93782806396484, 96.40591430664062, 95.9931411743164, 135.34719848632812, 164.4738311767578, 118.37274932861328, 91.70940399169922, 151.16580200195312, 83.45592498779297, 136.79762268066406, 90.80111694335938, 120.82300567626953, 83.17931365966797, 53.45702362060547, 23.79619598388672, 3.6999526023864746, 16.650068283081055, 80.85991668701172, 16.888290405273438, 14.42306900024414, 36.587562561035156, 15.189971923828125, 21.77515983581543, 19.862699508666992, 8.096185684204102, 10.375597953796387, 9.739740371704102, 21.412546157836914, 8.1434965133667, 20.472536087036133, 21.49298095703125, 2.365800619125366, 11.500945091247559, 10.786072731018066, 32.5031623840332, 26.2889404296875, 11.976595878601074, 13.018722534179688, 18.828027725219727, 10.18283462524414, 5.2471208572387695, 5.917616844177246, 18.566564559936523, 9.648080825805664, 3.306347370147705, 4.272958755493164, 2.970154047012329, 0.9967392683029175, 2.6301910877227783, 2.5367233753204346, 2.9609243869781494, 4.710641384124756, 2.6964592933654785, 7.057147026062012, 1.3996647596359253, 1.5995452404022217, 1.0492236614227295, 7.256351470947266, 1.4243489503860474, 3.635128974914551, 1.7057751417160034, 1.999820351600647, 2.0467352867126465, 2.8720414638519287, 0.8642797470092773, 0.8928494453430176, 2.416973352432251, 2.6106204986572266, 2.2927839756011963, 1.0588880777359009, 1.223130226135254, 0.9253955483436584, 0.6894827485084534, 0.9155949950218201, 0.7457407116889954, 0.7656317353248596, 0.7038995623588562, 1.7570037841796875, 0.4316416382789612, 0.9026158452033997, 0.5615012049674988, 0.519342839717865], "true": [117.0, 116.0, 115.0, 114.0, 113.0, 112.0, 111.0, 110.0, 109.0, 108.0, 107.0, 106.0, 105.0, 104.0, 103.0, 102.0, 101.0, 100.0, 99.0, 98.0, 97.0, 96.0, 95.0, 94.0, 93.0, 92.0, 91.0, 90.0, 89.0, 88.0, 87.0, 86.0, 85.0, 84.0, 83.0, 82.0, 81.0, 80.0, 79.0, 78.0, 77.0, 76.0, 75.0, 74.0, 73.0, 72.0, 71.0, 70.0, 69.0, 68.0, 67.0, 66.0, 65.0, 64.0, 63.0, 62.0, 61.0, 60.0, 59.0, 58.0, 57.0, 56.0, 55.0, 54.0, 53.0, 52.0, 51.0, 50.0, 49.0, 48.0, 47.0, 46.0, 45.0, 44.0, 43.0, 42.0, 41.0, 40.0, 39.0, 38.0, 37.0, 36.0, 35.0, 34.0, 33.0, 32.0, 31.0, 30.0, 29.0, 28.0, 27.0, 26.0, 25.0, 24.0, 23.0, 22.0, 21.0, 20.0, 19.0, 18.0, 17.0, 16.0, 15.0, 14.0, 13.0, 12.0, 11.0, 10.0, 9.0, 8.0, 7.0, 6.0, 5.0, 4.0, 3.0, 2.0, 1.0, 0.0], "RMSE": 12.14}