{"mean": [124.9675521850586, 123.6304931640625, 123.97584533691406, 125.65303802490234, 125.41361236572266, 123.5892105102539, 122.09535217285156, 125.1890869140625, 126.0867919921875, 124.8314208984375, 125.53482818603516, 124.302734375, 124.92051696777344, 127.31782531738281, 124.18387603759766, 122.4256362915039, 125.4770736694336, 123.07017517089844, 126.4632797241211, 125.6901626586914, 126.40118408203125, 123.56065368652344, 121.71742248535156, 120.61067962646484, 126.04527282714844, 125.16371154785156, 125.9288558959961, 122.91734313964844, 124.177490234375, 122.44865417480469, 119.0069580078125, 118.0790786743164, 118.91024017333984, 120.31269836425781, 118.2901611328125, 123.99531555175781, 123.80118560791016, 112.45135498046875, 117.61177825927734, 114.62071228027344, 115.73311614990234, 109.7752914428711, 113.97010803222656, 116.51277160644531, 106.7021255493164, 111.00794982910156, 110.06036376953125, 107.80226135253906, 107.374267578125, 95.72819519042969, 112.10970306396484, 108.1063003540039, 101.89665222167969, 99.72840881347656, 101.32460021972656, 101.4583511352539, 96.33308410644531, 92.7857894897461, 95.0164566040039, 91.17105865478516, 90.3380355834961, 76.76337432861328, 84.99612426757812, 75.65902709960938, 78.89999389648438, 77.46522521972656, 84.2119140625, 88.17616271972656, 75.47361755371094, 62.83701705932617, 70.35844421386719, 77.71387481689453, 77.98069763183594, 63.921417236328125, 70.80962371826172, 56.40810012817383, 57.02250289916992, 75.55397033691406, 73.61308288574219, 58.65045166015625, 67.07364654541016, 61.56645965576172, 60.497657775878906, 54.564056396484375, 57.64357376098633, 60.66908645629883, 58.343055725097656, 51.65003204345703, 52.95075607299805, 51.437278747558594, 47.549522399902344, 50.040985107421875, 49.00279998779297, 46.95320129394531, 44.109947204589844, 44.583831787109375, 43.3095703125, 39.989158630371094, 39.5609245300293, 41.54543685913086, 40.463462829589844, 41.66719055175781, 42.70804214477539, 40.28491973876953, 40.76457595825195, 38.562679290771484, 36.19412612915039, 34.05189895629883, 34.373268127441406, 32.32537841796875, 32.60622024536133, 29.5302734375, 27.86737060546875, 27.274795532226562, 26.42254638671875, 25.11831283569336, 23.494653701782227, 21.982440948486328, 21.96363639831543, 21.268953323364258, 20.022239685058594, 17.154361724853516, 17.439414978027344, 16.155086517333984, 13.990544319152832, 13.183792114257812], "var": [3.4610114097595215, 12.117645263671875, 12.917107582092285, 5.054765701293945, 4.193424701690674, 13.049361228942871, 9.86198616027832, 7.275984764099121, 4.271234035491943, 6.832681179046631, 9.379737854003906, 8.984074592590332, 6.818779945373535, 2.3626794815063477, 22.322792053222656, 17.703411102294922, 9.73638916015625, 4.626848220825195, 12.745882034301758, 5.2030229568481445, 10.787647247314453, 14.38220500946045, 22.17913055419922, 10.605631828308105, 12.678499221801758, 5.070675373077393, 11.50011920928955, 15.959152221679688, 11.448394775390625, 8.477972984313965, 11.535728454589844, 23.227571487426758, 4.658891677856445, 52.40776824951172, 22.169830322265625, 6.560141563415527, 13.569530487060547, 92.31879425048828, 25.629037857055664, 21.85253143310547, 47.46849060058594, 88.14556121826172, 17.18377685546875, 45.20612335205078, 24.916095733642578, 35.28932571411133, 17.00128936767578, 78.43726348876953, 90.26939392089844, 277.5390930175781, 41.584266662597656, 128.91571044921875, 161.81707763671875, 139.28675842285156, 229.26329040527344, 106.45135498046875, 158.5472869873047, 145.23397827148438, 194.72808837890625, 113.96097564697266, 139.034912109375, 191.6969757080078, 151.52391052246094, 136.33863830566406, 158.68833923339844, 206.40274047851562, 361.3871765136719, 123.61168670654297, 155.24148559570312, 25.99908447265625, 52.65195083618164, 179.77935791015625, 48.548770904541016, 39.858062744140625, 95.27151489257812, 63.41472625732422, 79.69290924072266, 81.6036148071289, 56.40762710571289, 108.77803802490234, 43.08464431762695, 46.19645690917969, 75.17503356933594, 46.91020965576172, 11.523401260375977, 48.985225677490234, 27.50797462463379, 20.421113967895508, 51.17197799682617, 20.547321319580078, 9.441936492919922, 15.898128509521484, 12.346473693847656, 15.997092247009277, 2.14084792137146, 18.746721267700195, 10.81164264678955, 12.514294624328613, 7.148812294006348, 19.895418167114258, 14.361172676086426, 9.030217170715332, 4.151318073272705, 3.5414772033691406, 3.4685299396514893, 2.7768216133117676, 4.5212178230285645, 6.739995002746582, 4.405184745788574, 4.730964183807373, 0.41310274600982666, 2.817869186401367, 2.6054322719573975, 2.7904462814331055, 0.9870976209640503, 2.3980154991149902, 1.2669751644134521, 1.8393522500991821, 1.6883652210235596, 1.966159701347351, 1.7704435586929321, 0.870805025100708, 1.2187732458114624, 0.4340008795261383, 0.5158459544181824, 0.9062325358390808], "true": [120.0, 120.0, 120.0, 120.0, 120.0, 120.0, 119.0, 118.0, 117.0, 116.0, 115.0, 114.0, 113.0, 112.0, 111.0, 110.0, 109.0, 108.0, 107.0, 106.0, 105.0, 104.0, 103.0, 102.0, 101.0, 100.0, 99.0, 98.0, 97.0, 96.0, 95.0, 94.0, 93.0, 92.0, 91.0, 90.0, 89.0, 88.0, 87.0, 86.0, 85.0, 84.0, 83.0, 82.0, 81.0, 80.0, 79.0, 78.0, 77.0, 76.0, 75.0, 74.0, 73.0, 72.0, 71.0, 70.0, 69.0, 68.0, 67.0, 66.0, 65.0, 64.0, 63.0, 62.0, 61.0, 60.0, 59.0, 58.0, 57.0, 56.0, 55.0, 54.0, 53.0, 52.0, 51.0, 50.0, 49.0, 48.0, 47.0, 46.0, 45.0, 44.0, 43.0, 42.0, 41.0, 40.0, 39.0, 38.0, 37.0, 36.0, 35.0, 34.0, 33.0, 32.0, 31.0, 30.0, 29.0, 28.0, 27.0, 26.0, 25.0, 24.0, 23.0, 22.0, 21.0, 20.0, 19.0, 18.0, 17.0, 16.0, 15.0, 14.0, 13.0, 12.0, 11.0, 10.0, 9.0, 8.0, 7.0, 6.0, 5.0, 4.0, 3.0, 2.0, 1.0, 0.0], "RMSE": 20.51}