{"mean": [123.16569519042969, 123.6331558227539, 120.19942474365234, 124.49043273925781, 119.84120178222656, 120.61102294921875, 114.98055267333984, 119.60455322265625, 118.25407409667969, 114.48155212402344, 116.80242919921875, 119.3196029663086, 120.68605041503906, 110.7880859375, 117.06260681152344, 114.49044036865234, 117.39141845703125, 112.5678939819336, 112.3435287475586, 110.8404769897461, 111.74072265625, 104.88679504394531, 114.609619140625, 106.66934967041016, 113.9326171875, 103.42329406738281, 104.0519790649414, 106.06379699707031, 109.90335845947266, 102.0339126586914, 95.79774475097656, 107.29682922363281, 103.04203796386719, 100.84770965576172, 100.92713165283203, 108.72220611572266, 99.4504165649414, 89.8472671508789, 94.99270629882812, 101.17631530761719, 102.0823974609375, 89.05403137207031, 87.19085693359375, 89.23033142089844, 94.21065521240234, 82.27916717529297, 88.53944396972656, 92.92806243896484, 92.05870056152344, 79.66072082519531, 89.6588363647461, 79.80875396728516, 80.21318054199219, 79.61845397949219, 80.02522277832031, 88.03180694580078, 84.56959533691406, 72.38362121582031, 76.49998474121094, 68.80916595458984, 70.17384338378906, 65.37648010253906, 65.80561828613281, 67.5706558227539, 66.28661346435547, 58.84099578857422, 62.72255325317383, 62.36919403076172, 54.31528854370117, 51.174522399902344, 55.7456169128418, 54.489097595214844, 53.6118049621582, 48.403968811035156, 49.92546844482422, 47.670684814453125, 42.75045394897461, 44.760074615478516, 44.86073303222656, 45.34843826293945, 42.58728790283203, 42.91660690307617, 44.0286750793457, 37.155704498291016, 38.977783203125, 37.84358215332031, 34.849857330322266, 35.637977600097656, 32.34653091430664, 30.9650821685791, 28.56649398803711, 29.234304428100586, 27.87746810913086, 28.08806800842285, 24.886459350585938, 22.653152465820312, 22.738378524780273, 21.44664192199707, 20.86640739440918, 19.84246253967285, 17.7996826171875, 16.232158660888672, 15.17247486114502, 13.568262100219727, 13.641866683959961, 13.53644847869873], "var": [5.787583351135254, 14.22348403930664, 24.02849769592285, 8.531423568725586, 10.282711029052734, 19.48919677734375, 13.586463928222656, 9.656332015991211, 6.620890140533447, 10.209495544433594, 34.42845916748047, 13.561421394348145, 15.090326309204102, 40.81592559814453, 22.204938888549805, 34.5822868347168, 39.39262008666992, 29.052215576171875, 26.5111026763916, 6.841019630432129, 54.385154724121094, 114.23334503173828, 18.873994827270508, 51.4833869934082, 27.070781707763672, 31.59743309020996, 146.09458923339844, 63.92641067504883, 25.851451873779297, 164.083251953125, 207.6403045654297, 21.374778747558594, 47.99481201171875, 199.8272247314453, 89.84703063964844, 26.6603946685791, 96.0968017578125, 283.6117858886719, 91.2786636352539, 54.63874053955078, 87.74507141113281, 88.86116027832031, 120.4708251953125, 87.5767822265625, 121.44746398925781, 113.0301742553711, 55.16551208496094, 93.20150756835938, 53.23042297363281, 69.34062957763672, 48.36346435546875, 143.3726043701172, 66.27421569824219, 123.20614624023438, 60.790828704833984, 36.601463317871094, 69.41395568847656, 50.46854019165039, 91.75880432128906, 38.89822769165039, 76.79195404052734, 35.12858200073242, 34.43263626098633, 28.981182098388672, 21.89290428161621, 20.644481658935547, 50.19887161254883, 33.73828125, 12.746706008911133, 29.110925674438477, 7.007479667663574, 14.287623405456543, 23.350767135620117, 22.135419845581055, 14.653162002563477, 13.046231269836426, 20.84816551208496, 18.519771575927734, 10.982647895812988, 22.043001174926758, 15.652326583862305, 7.6416730880737305, 14.10858154296875, 6.506392955780029, 3.2712082862854004, 2.5136661529541016, 9.047638893127441, 11.229589462280273, 3.775332450866699, 7.7900848388671875, 4.732673645019531, 6.726696491241455, 2.8984811305999756, 3.149853467941284, 1.8600589036941528, 1.9116185903549194, 0.6058165431022644, 1.151472806930542, 1.6351710557937622, 0.8263152241706848, 0.7859703898429871, 0.7014814615249634, 1.3060379028320312, 1.6193772554397583, 1.0153775215148926, 1.0997376441955566], "true": [105.0, 104.0, 103.0, 102.0, 101.0, 100.0, 99.0, 98.0, 97.0, 96.0, 95.0, 94.0, 93.0, 92.0, 91.0, 90.0, 89.0, 88.0, 87.0, 86.0, 85.0, 84.0, 83.0, 82.0, 81.0, 80.0, 79.0, 78.0, 77.0, 76.0, 75.0, 74.0, 73.0, 72.0, 71.0, 70.0, 69.0, 68.0, 67.0, 66.0, 65.0, 64.0, 63.0, 62.0, 61.0, 60.0, 59.0, 58.0, 57.0, 56.0, 55.0, 54.0, 53.0, 52.0, 51.0, 50.0, 49.0, 48.0, 47.0, 46.0, 45.0, 44.0, 43.0, 42.0, 41.0, 40.0, 39.0, 38.0, 37.0, 36.0, 35.0, 34.0, 33.0, 32.0, 31.0, 30.0, 29.0, 28.0, 27.0, 26.0, 25.0, 24.0, 23.0, 22.0, 21.0, 20.0, 19.0, 18.0, 17.0, 16.0, 15.0, 14.0, 13.0, 12.0, 11.0, 10.0, 9.0, 8.0, 7.0, 6.0, 5.0, 4.0, 3.0, 2.0, 1.0, 0.0], "RMSE": 23.52}