{"mean": [121.29316711425781, 121.01468658447266, 120.47111511230469, 127.93550109863281, 128.20706176757812, 121.18305969238281, 126.111328125, 128.79434204101562, 128.82839965820312, 126.5268783569336, 128.08729553222656, 127.71817779541016, 126.42375183105469, 127.43122863769531, 127.19548034667969, 116.84901428222656, 127.68824768066406, 126.18733978271484, 127.9855728149414, 125.65032958984375, 125.5069808959961, 124.59425354003906, 124.30484771728516, 126.751708984375, 125.65657806396484, 120.96533203125, 125.9827880859375, 119.69828033447266, 120.2439193725586, 120.56608581542969, 116.65499114990234, 120.66661071777344, 109.83732604980469, 119.6302719116211, 113.18682861328125, 116.37983703613281, 116.2490234375, 116.9113540649414, 115.63985443115234, 109.6195297241211, 104.6090087890625, 112.5354232788086, 111.29710388183594, 112.10197448730469, 98.12966918945312, 106.27874755859375, 102.3823013305664, 85.9049301147461, 102.60664367675781, 95.82086944580078, 103.20307922363281, 90.9361572265625, 97.83897399902344, 86.17239379882812, 88.35374450683594, 100.32646942138672, 89.30201721191406, 91.75865173339844, 81.18753814697266, 84.88858795166016, 79.5562973022461, 68.29487609863281, 80.19383239746094, 69.70442199707031, 73.57611846923828, 73.05073547363281, 78.93852996826172, 76.8143539428711, 68.42437744140625, 64.27637481689453, 64.29096221923828, 73.47189331054688, 69.19956970214844, 61.045860290527344, 59.60908126831055, 59.324668884277344, 56.155914306640625, 59.93281173706055, 62.638221740722656, 58.19853591918945, 59.23024368286133, 52.88623046875, 59.688926696777344, 55.15358352661133, 53.06713104248047, 54.057716369628906, 53.161842346191406, 49.564815521240234, 50.615501403808594, 46.39201736450195, 45.884483337402344, 45.42176055908203, 44.40991973876953, 44.97534942626953, 40.78647994995117, 41.922584533691406, 40.10858917236328, 39.14765930175781, 38.72252655029297, 40.670928955078125, 37.92964172363281, 40.13336944580078, 39.197776794433594, 36.081565856933594, 38.908363342285156, 35.28748321533203, 33.22880172729492, 31.643878936767578, 31.016036987304688, 31.07589340209961, 28.650150299072266, 27.093395233154297, 25.26729393005371, 24.947858810424805, 23.223175048828125, 23.101877212524414, 22.094316482543945, 20.684459686279297, 20.83011817932129, 19.503156661987305, 18.577741622924805, 16.73006820678711, 15.186307907104492, 14.435379028320312, 12.978915214538574, 11.859609603881836, 13.10029125213623], "var": [7.986532211303711, 20.36383628845215, 18.33399200439453, 4.113379955291748, 3.1714231967926025, 18.59407615661621, 13.194707870483398, 2.975245714187622, 6.379856109619141, 5.551105499267578, 5.169737339019775, 8.28541088104248, 5.645858287811279, 3.0631439685821533, 18.10867691040039, 21.137943267822266, 10.392882347106934, 5.601630210876465, 10.635356903076172, 8.47615909576416, 8.156424522399902, 14.070259094238281, 12.478236198425293, 4.59556245803833, 13.903571128845215, 11.763680458068848, 11.93659496307373, 32.25644302368164, 19.16295051574707, 10.756712913513184, 17.94680404663086, 12.361884117126465, 35.0928955078125, 73.68067932128906, 21.93313217163086, 14.91425895690918, 13.787376403808594, 43.7275390625, 23.29123878479004, 19.963098526000977, 113.95536041259766, 48.987083435058594, 15.547309875488281, 42.2063102722168, 94.05403900146484, 33.734676361083984, 59.698387145996094, 114.24040985107422, 111.67964935302734, 183.8629608154297, 87.91419982910156, 268.7834777832031, 101.9149169921875, 146.5596466064453, 232.69366455078125, 111.1550521850586, 167.7884063720703, 71.07276916503906, 166.45269775390625, 89.3034439086914, 135.8383026123047, 153.28103637695312, 94.44263458251953, 90.8609848022461, 127.86839294433594, 138.1140594482422, 312.6605224609375, 128.36907958984375, 86.89192962646484, 23.19344139099121, 36.880001068115234, 117.64083099365234, 59.4293098449707, 26.71595001220703, 52.38776397705078, 78.6414566040039, 87.00444793701172, 48.50587844848633, 33.10624694824219, 58.70778274536133, 32.40468978881836, 25.998912811279297, 63.8329963684082, 32.151580810546875, 11.92965316772461, 19.954708099365234, 39.5540657043457, 17.02731704711914, 42.35818099975586, 29.836292266845703, 12.834148406982422, 17.422897338867188, 12.154852867126465, 10.752191543579102, 3.7489492893218994, 26.673215866088867, 12.814006805419922, 19.621280670166016, 9.812423706054688, 18.498079299926758, 13.636446952819824, 12.301434516906738, 6.894009590148926, 2.8127429485321045, 3.81303334236145, 3.9172990322113037, 5.018194198608398, 7.895648002624512, 4.618047714233398, 4.7300028800964355, 1.293656349182129, 2.2805843353271484, 3.211986541748047, 2.813859701156616, 1.09098219871521, 2.776088237762451, 1.3563989400863647, 1.006906509399414, 2.4296205043792725, 1.6928907632827759, 1.2192624807357788, 0.9075286388397217, 1.2484732866287231, 0.4124074876308441, 0.6915167570114136, 0.7664433717727661, 1.7837926149368286], "true": [120.0, 120.0, 120.0, 120.0, 120.0, 120.0, 120.0, 119.0, 118.0, 117.0, 116.0, 115.0, 114.0, 113.0, 112.0, 111.0, 110.0, 109.0, 108.0, 107.0, 106.0, 105.0, 104.0, 103.0, 102.0, 101.0, 100.0, 99.0, 98.0, 97.0, 96.0, 95.0, 94.0, 93.0, 92.0, 91.0, 90.0, 89.0, 88.0, 87.0, 86.0, 85.0, 84.0, 83.0, 82.0, 81.0, 80.0, 79.0, 78.0, 77.0, 76.0, 75.0, 74.0, 73.0, 72.0, 71.0, 70.0, 69.0, 68.0, 67.0, 66.0, 65.0, 64.0, 63.0, 62.0, 61.0, 60.0, 59.0, 58.0, 57.0, 56.0, 55.0, 54.0, 53.0, 52.0, 51.0, 50.0, 49.0, 48.0, 47.0, 46.0, 45.0, 44.0, 43.0, 42.0, 41.0, 40.0, 39.0, 38.0, 37.0, 36.0, 35.0, 34.0, 33.0, 32.0, 31.0, 30.0, 29.0, 28.0, 27.0, 26.0, 25.0, 24.0, 23.0, 22.0, 21.0, 20.0, 19.0, 18.0, 17.0, 16.0, 15.0, 14.0, 13.0, 12.0, 11.0, 10.0, 9.0, 8.0, 7.0, 6.0, 5.0, 4.0, 3.0, 2.0, 1.0, 0.0], "RMSE": 16.07}