{"mean": [117.6234359741211, 117.62553405761719, 116.87464904785156, 118.26837158203125, 116.0904312133789, 116.5263900756836, 118.23875427246094, 114.2568359375, 117.56336975097656, 112.374267578125, 114.7305679321289, 116.37135314941406, 114.63877868652344, 110.05716705322266, 110.66639709472656, 108.09104919433594, 103.6693115234375, 105.7562255859375, 103.26434326171875, 106.75135803222656, 106.3094482421875, 103.68547058105469, 105.537353515625, 106.05220794677734, 100.33588409423828, 102.83296966552734, 96.6491470336914, 104.35550689697266, 105.94942474365234, 107.39189147949219, 109.18354797363281, 111.27762603759766, 103.42787170410156, 100.78472137451172, 94.34039306640625, 89.35482025146484, 96.10226440429688, 95.4200439453125, 97.17683410644531, 95.13838195800781, 96.8888931274414, 99.1924819946289, 97.73426055908203, 92.65394592285156, 95.84918212890625, 96.6922378540039, 96.8512954711914, 93.72576141357422, 87.6646957397461, 79.35862731933594, 83.630859375, 72.75425720214844, 75.66123962402344, 72.75782012939453, 77.19337463378906, 76.45380401611328, 71.7386474609375, 68.02894592285156, 71.31353759765625, 70.31607818603516, 75.79529571533203, 62.254295349121094, 62.21110916137695, 56.892913818359375, 62.01940155029297, 51.38300704956055, 56.08635330200195, 56.24907302856445, 49.859230041503906, 50.36988067626953, 52.82176971435547, 48.32078170776367, 40.84705352783203, 41.825218200683594, 46.117408752441406, 44.19296646118164, 42.06307601928711, 44.23330307006836, 44.545162200927734, 42.008567810058594, 48.34136962890625, 45.64930725097656, 44.888545989990234, 50.654293060302734, 53.601173400878906, 52.651588439941406, 57.4096794128418, 49.133766174316406, 44.64826583862305, 42.62242889404297, 42.89670944213867, 44.07709503173828, 38.4864387512207, 38.932044982910156, 41.41439437866211, 39.366737365722656, 36.59560012817383, 32.85764694213867, 31.94463539123535, 30.816394805908203, 25.2956600189209, 25.046947479248047, 27.186725616455078, 25.33487892150879, 23.422046661376953, 21.36208724975586, 19.771530151367188, 19.06757354736328, 18.143718719482422, 17.72255516052246, 14.963910102844238, 14.475237846374512, 15.594778060913086, 13.512800216674805, 13.732243537902832, 12.00196361541748, 12.88377571105957, 10.816340446472168, 8.554251670837402, 9.710607528686523, 7.5076189041137695, 4.8695549964904785, 4.0905351638793945, 3.695937395095825, 3.1138038635253906, 1.95865797996521, 1.0372270345687866], "var": [17.61056900024414, 25.860015869140625, 15.450940132141113, 8.014655113220215, 18.94780158996582, 19.79410171508789, 10.205020904541016, 4.847718238830566, 28.747901916503906, 16.92291259765625, 7.115063190460205, 9.405323028564453, 33.54636764526367, 24.488767623901367, 46.89663314819336, 36.67600631713867, 32.83974075317383, 16.515254974365234, 28.626693725585938, 37.6998405456543, 30.246028900146484, 33.042484283447266, 9.293142318725586, 15.49365234375, 22.905338287353516, 34.50629425048828, 31.680683135986328, 25.066680908203125, 38.082244873046875, 25.647476196289062, 11.123300552368164, 34.12650680541992, 35.100189208984375, 64.12867736816406, 78.25006103515625, 25.861719131469727, 98.73454284667969, 27.204143524169922, 47.52014923095703, 49.585819244384766, 32.69635009765625, 35.209503173828125, 80.96155548095703, 39.50849533081055, 89.40928649902344, 80.46321868896484, 45.88587188720703, 51.69607925415039, 75.31759643554688, 90.80766296386719, 46.63927459716797, 37.545310974121094, 25.499698638916016, 47.03010177612305, 26.607694625854492, 23.472768783569336, 49.58758544921875, 63.30776596069336, 81.9758529663086, 21.23218536376953, 58.76409149169922, 21.113679885864258, 49.85020065307617, 28.851299285888672, 70.90070343017578, 34.94831085205078, 6.538003444671631, 36.009246826171875, 20.83529281616211, 17.546329498291016, 13.752389907836914, 15.243030548095703, 15.560688972473145, 20.109119415283203, 10.215245246887207, 7.619897842407227, 25.85846710205078, 28.7569637298584, 32.40135192871094, 29.21866226196289, 75.54969787597656, 32.29465866088867, 32.605186462402344, 86.56150817871094, 56.14394760131836, 23.438108444213867, 26.31218910217285, 43.88834762573242, 38.18743133544922, 31.523494720458984, 20.57466697692871, 23.750032424926758, 41.54897689819336, 15.236050605773926, 36.79685974121094, 29.005043029785156, 10.95557975769043, 7.864108562469482, 5.345017433166504, 8.075936317443848, 3.2033464908599854, 4.970292091369629, 4.588635444641113, 3.4886717796325684, 0.8376027345657349, 1.0539013147354126, 1.8773326873779297, 1.7532175779342651, 1.5756291151046753, 1.8864834308624268, 2.883439302444458, 1.3000870943069458, 1.4273406267166138, 1.9618134498596191, 0.7360297441482544, 1.7337708473205566, 2.8179802894592285, 1.3818804025650024, 2.012781858444214, 1.4164514541625977, 2.6134514808654785, 0.8032413125038147, 0.9998244643211365, 0.7268604040145874, 0.5522031784057617, 0.35429027676582336, 0.17821216583251953], "true": [120.0, 120.0, 120.0, 120.0, 120.0, 120.0, 120.0, 119.0, 118.0, 117.0, 116.0, 115.0, 114.0, 113.0, 112.0, 111.0, 110.0, 109.0, 108.0, 107.0, 106.0, 105.0, 104.0, 103.0, 102.0, 101.0, 100.0, 99.0, 98.0, 97.0, 96.0, 95.0, 94.0, 93.0, 92.0, 91.0, 90.0, 89.0, 88.0, 87.0, 86.0, 85.0, 84.0, 83.0, 82.0, 81.0, 80.0, 79.0, 78.0, 77.0, 76.0, 75.0, 74.0, 73.0, 72.0, 71.0, 70.0, 69.0, 68.0, 67.0, 66.0, 65.0, 64.0, 63.0, 62.0, 61.0, 60.0, 59.0, 58.0, 57.0, 56.0, 55.0, 54.0, 53.0, 52.0, 51.0, 50.0, 49.0, 48.0, 47.0, 46.0, 45.0, 44.0, 43.0, 42.0, 41.0, 40.0, 39.0, 38.0, 37.0, 36.0, 35.0, 34.0, 33.0, 32.0, 31.0, 30.0, 29.0, 28.0, 27.0, 26.0, 25.0, 24.0, 23.0, 22.0, 21.0, 20.0, 19.0, 18.0, 17.0, 16.0, 15.0, 14.0, 13.0, 12.0, 11.0, 10.0, 9.0, 8.0, 7.0, 6.0, 5.0, 4.0, 3.0, 2.0, 1.0, 0.0], "RMSE": 6.44}