{"mean": [115.2854995727539, 118.39900207519531, 119.2695541381836, 122.75374603271484, 123.28047943115234, 120.16447448730469, 116.17513275146484, 119.5170669555664, 118.9630355834961, 117.92340087890625, 114.13505554199219, 117.38191986083984, 120.146484375, 120.36952209472656, 117.921875, 115.5521011352539, 117.87159729003906, 115.6937255859375, 117.27037048339844, 116.98097229003906, 114.93254089355469, 118.8048095703125, 111.7284164428711, 108.09880065917969, 108.2218246459961, 114.34574890136719, 116.453125, 117.52702331542969, 112.34366607666016, 116.0129623413086, 115.87312316894531, 118.8807144165039, 114.04847717285156, 117.36921691894531, 116.39463806152344, 117.19791412353516, 119.91971588134766, 120.0960693359375, 118.41090393066406, 115.3453369140625, 114.52821350097656, 108.39839172363281, 108.7806396484375, 115.51969909667969, 110.97025299072266, 109.3415298461914, 99.96785736083984, 101.04133605957031, 104.80538177490234, 104.33982849121094, 103.02912902832031, 94.79893493652344, 91.40940856933594, 93.43682861328125, 95.21730041503906, 102.0583724975586, 89.5329360961914, 90.84962463378906, 82.15000915527344, 83.65834045410156, 80.73822784423828, 80.85709381103516, 80.62046813964844, 90.49339294433594, 91.77405548095703, 88.15758514404297, 96.9411392211914, 99.15852355957031, 93.86520385742188, 92.85547637939453, 95.84544372558594, 90.90971374511719, 96.16554260253906, 86.88409423828125, 88.21536254882812, 80.82740783691406, 90.86753845214844, 77.29344177246094, 68.55961608886719, 66.60563659667969, 62.36320877075195, 53.604637145996094, 50.28913116455078, 45.894744873046875, 41.67143249511719, 37.16998291015625, 35.53862380981445, 35.645782470703125, 32.530540466308594, 28.420364379882812, 30.1779727935791, 31.164554595947266, 29.45244789123535, 29.1280517578125, 29.67293930053711, 28.32802963256836, 26.05148696899414, 32.645751953125, 35.08963394165039, 34.874778747558594, 33.40275955200195, 30.86354637145996, 29.938129425048828, 28.71646499633789, 30.068897247314453, 29.175607681274414, 27.938770294189453, 25.577375411987305, 23.286785125732422, 24.373313903808594, 21.591772079467773, 21.52553939819336, 23.02014923095703, 22.86851692199707, 20.924543380737305, 17.365306854248047, 17.113500595092773, 14.893221855163574, 13.269760131835938, 9.632034301757812, 8.220697402954102, 8.050301551818848, 6.446402072906494, 6.324845314025879, 4.5107502937316895, 3.3190720081329346], "var": [52.58405303955078, 42.86568069458008, 54.376625061035156, 25.69269561767578, 22.383359909057617, 24.625391006469727, 28.385875701904297, 40.256351470947266, 28.812759399414062, 34.84717559814453, 55.561553955078125, 32.03769302368164, 69.74771881103516, 36.06087112426758, 20.953744888305664, 63.06233215332031, 15.567183494567871, 68.72705841064453, 12.747908592224121, 22.324621200561523, 114.02017211914062, 68.86204528808594, 75.93921661376953, 84.06827545166016, 132.8176727294922, 33.88348388671875, 24.937456130981445, 37.63044357299805, 44.778865814208984, 53.06282424926758, 118.72784423828125, 88.0394287109375, 49.43222427368164, 80.18386840820312, 54.03369140625, 56.624290466308594, 25.891921997070312, 31.626623153686523, 36.76923751831055, 117.04236602783203, 11.539484977722168, 132.36647033691406, 171.5845184326172, 87.74790954589844, 78.02183532714844, 152.27944946289062, 289.2699890136719, 55.70553207397461, 78.1579360961914, 97.71980285644531, 86.17706298828125, 165.47108459472656, 85.57988739013672, 150.5150604248047, 166.6478729248047, 90.34112548828125, 173.5955352783203, 306.9198913574219, 257.2373962402344, 339.33837890625, 244.6815643310547, 137.8022918701172, 309.780517578125, 66.22367858886719, 149.927978515625, 233.36334228515625, 160.6767578125, 76.90252685546875, 57.62619400024414, 115.10140228271484, 109.92385864257812, 92.94960021972656, 109.51435852050781, 96.32982635498047, 53.47880935668945, 33.10902404785156, 38.444766998291016, 85.13381958007812, 137.80630493164062, 85.3663330078125, 95.51273345947266, 74.19012451171875, 92.44429779052734, 36.98942565917969, 34.600807189941406, 14.985150337219238, 15.688291549682617, 7.845526218414307, 14.684077262878418, 10.0532808303833, 8.75745677947998, 8.308121681213379, 6.29417610168457, 4.722253799438477, 7.469415187835693, 9.765541076660156, 5.065072059631348, 6.6313066482543945, 24.561107635498047, 10.345629692077637, 6.372511386871338, 3.4828388690948486, 14.120141983032227, 9.95943546295166, 5.609362602233887, 9.445918083190918, 2.9300668239593506, 3.427881956100464, 7.2488555908203125, 5.176858425140381, 2.6586368083953857, 4.030150890350342, 3.122464418411255, 2.0696890354156494, 4.798914909362793, 1.4293718338012695, 1.9975833892822266, 1.3065663576126099, 1.0778783559799194, 1.3399041891098022, 1.0489583015441895, 0.6403892636299133, 1.520538330078125, 1.3855397701263428, 0.6619685292243958, 0.6477436423301697], "true": [120.0, 120.0, 120.0, 120.0, 120.0, 120.0, 119.0, 118.0, 117.0, 116.0, 115.0, 114.0, 113.0, 112.0, 111.0, 110.0, 109.0, 108.0, 107.0, 106.0, 105.0, 104.0, 103.0, 102.0, 101.0, 100.0, 99.0, 98.0, 97.0, 96.0, 95.0, 94.0, 93.0, 92.0, 91.0, 90.0, 89.0, 88.0, 87.0, 86.0, 85.0, 84.0, 83.0, 82.0, 81.0, 80.0, 79.0, 78.0, 77.0, 76.0, 75.0, 74.0, 73.0, 72.0, 71.0, 70.0, 69.0, 68.0, 67.0, 66.0, 65.0, 64.0, 63.0, 62.0, 61.0, 60.0, 59.0, 58.0, 57.0, 56.0, 55.0, 54.0, 53.0, 52.0, 51.0, 50.0, 49.0, 48.0, 47.0, 46.0, 45.0, 44.0, 43.0, 42.0, 41.0, 40.0, 39.0, 38.0, 37.0, 36.0, 35.0, 34.0, 33.0, 32.0, 31.0, 30.0, 29.0, 28.0, 27.0, 26.0, 25.0, 24.0, 23.0, 22.0, 21.0, 20.0, 19.0, 18.0, 17.0, 16.0, 15.0, 14.0, 13.0, 12.0, 11.0, 10.0, 9.0, 8.0, 7.0, 6.0, 5.0, 4.0, 3.0, 2.0, 1.0, 0.0], "RMSE": 19.11}