{"mean": [101.80006408691406, 109.3802261352539, 109.1644058227539, 110.5293197631836, 107.50828552246094, 96.26365661621094, 92.12864685058594, 90.99237060546875, 93.82209777832031, 88.50299072265625, 87.70850372314453, 91.1788558959961, 81.69422149658203, 81.19943237304688, 77.22171020507812, 76.10552978515625, 77.96085357666016, 73.05805969238281, 76.02455139160156, 69.76593017578125, 73.66413879394531, 77.37654113769531, 68.74989318847656, 70.71659088134766, 65.80064392089844, 63.644447326660156, 61.99864959716797, 62.127540588378906, 60.29010772705078, 57.32175827026367, 61.099082946777344, 63.179954528808594, 64.08096313476562, 67.95037841796875, 64.7358169555664, 65.77511596679688, 63.978187561035156, 64.47300720214844, 65.17388153076172, 65.78237915039062, 69.0568618774414, 70.16084289550781, 74.4166030883789, 69.7076644897461, 71.20296478271484, 63.577125549316406, 64.14572143554688, 60.20512771606445, 57.42169189453125, 57.285240173339844, 55.38666915893555, 59.2140007019043, 56.29479217529297, 55.9306640625, 55.80731201171875, 53.94099807739258, 51.878265380859375, 50.249176025390625, 48.766197204589844, 45.580997467041016, 55.290794372558594, 52.59992599487305, 55.963462829589844, 54.410797119140625, 44.32686233520508, 41.93196487426758, 41.899131774902344, 44.75191879272461, 45.17292785644531, 41.04045104980469, 38.095947265625, 39.76473617553711, 37.47883224487305, 42.31562423706055, 41.37628936767578, 40.372352600097656, 40.717185974121094, 39.61214828491211, 40.425201416015625, 36.222740173339844, 39.12828826904297, 35.355587005615234, 32.19540786743164, 26.893199920654297, 24.131237030029297, 25.448177337646484, 25.163034439086914, 25.968658447265625, 24.343395233154297, 19.997127532958984, 21.912235260009766, 22.113313674926758, 18.523279190063477, 19.65589714050293, 14.966009140014648, 14.606616020202637, 11.098176956176758, 9.050434112548828, 8.216707229614258, 6.128035545349121, 8.010870933532715, 8.035882949829102, 4.946723937988281, 4.309323310852051, 2.7401504516601562, 1.487331509590149], "var": [104.03519439697266, 54.44427490234375, 63.129730224609375, 76.80517578125, 108.24696350097656, 115.48564147949219, 12.50818157196045, 157.5432891845703, 145.32833862304688, 51.60090637207031, 35.376983642578125, 35.647159576416016, 15.429315567016602, 42.15626525878906, 54.06010437011719, 41.40397644042969, 19.485424041748047, 9.058351516723633, 34.051666259765625, 20.74309730529785, 38.31136703491211, 12.481550216674805, 26.173477172851562, 17.807205200195312, 13.664752960205078, 15.33840274810791, 13.403420448303223, 27.178743362426758, 11.82986068725586, 26.556779861450195, 19.115182876586914, 9.614347457885742, 16.148603439331055, 12.588976860046387, 27.542341232299805, 20.394689559936523, 8.40001392364502, 12.703493118286133, 31.344484329223633, 26.46260643005371, 21.387651443481445, 57.74738311767578, 43.25981140136719, 135.1524658203125, 26.832801818847656, 33.610294342041016, 36.163692474365234, 33.14787292480469, 11.920158386230469, 18.410606384277344, 22.87607765197754, 9.676872253417969, 5.444522857666016, 5.063387870788574, 17.27560043334961, 44.447444915771484, 14.320823669433594, 23.447635650634766, 5.948816776275635, 7.821226596832275, 17.930694580078125, 24.87221336364746, 43.820430755615234, 24.7882080078125, 8.625457763671875, 9.443193435668945, 7.071837425231934, 6.698276996612549, 10.407151222229004, 19.087343215942383, 3.259270191192627, 8.715953826904297, 3.1989848613739014, 4.868427753448486, 7.525758266448975, 2.4146549701690674, 6.816254138946533, 10.413735389709473, 11.415916442871094, 1.3318363428115845, 12.678515434265137, 4.699362754821777, 7.91971492767334, 7.380706787109375, 6.743853569030762, 10.502187728881836, 6.978109836578369, 1.5259556770324707, 5.583042621612549, 4.931748390197754, 3.6644816398620605, 4.064123153686523, 1.8169209957122803, 5.787993431091309, 1.7772619724273682, 1.4234963655471802, 3.0001401901245117, 0.7045339941978455, 1.7038445472717285, 0.7586655616760254, 0.4632357358932495, 0.7838351726531982, 2.113495111465454, 0.4571372866630554, 0.34963035583496094, 0.8775296807289124], "true": [105.0, 104.0, 103.0, 102.0, 101.0, 100.0, 99.0, 98.0, 97.0, 96.0, 95.0, 94.0, 93.0, 92.0, 91.0, 90.0, 89.0, 88.0, 87.0, 86.0, 85.0, 84.0, 83.0, 82.0, 81.0, 80.0, 79.0, 78.0, 77.0, 76.0, 75.0, 74.0, 73.0, 72.0, 71.0, 70.0, 69.0, 68.0, 67.0, 66.0, 65.0, 64.0, 63.0, 62.0, 61.0, 60.0, 59.0, 58.0, 57.0, 56.0, 55.0, 54.0, 53.0, 52.0, 51.0, 50.0, 49.0, 48.0, 47.0, 46.0, 45.0, 44.0, 43.0, 42.0, 41.0, 40.0, 39.0, 38.0, 37.0, 36.0, 35.0, 34.0, 33.0, 32.0, 31.0, 30.0, 29.0, 28.0, 27.0, 26.0, 25.0, 24.0, 23.0, 22.0, 21.0, 20.0, 19.0, 18.0, 17.0, 16.0, 15.0, 14.0, 13.0, 12.0, 11.0, 10.0, 9.0, 8.0, 7.0, 6.0, 5.0, 4.0, 3.0, 2.0, 1.0, 0.0], "RMSE": 8.41}