{"mean": [111.7940444946289, 108.98976135253906, 112.86515045166016, 107.48530578613281, 112.78926086425781, 113.44559478759766, 106.83930969238281, 108.01673889160156, 111.69232177734375, 104.44329833984375, 108.32694244384766, 112.4446029663086, 110.506103515625, 112.1538314819336, 110.6629409790039, 112.29130554199219, 111.2839584350586, 112.49967193603516, 109.75587463378906, 111.17762756347656, 108.49864196777344, 105.591552734375, 100.34039306640625, 111.58880615234375, 108.4588394165039, 116.54191589355469, 105.0567855834961, 102.32539367675781, 105.11482238769531, 105.81878662109375, 103.04209899902344, 113.008056640625, 99.46491241455078, 103.87384033203125, 103.64208984375, 110.8599624633789, 106.0044174194336, 101.75346374511719, 107.771240234375, 102.40104675292969, 101.47737121582031, 98.07759094238281, 106.84272766113281, 100.54974365234375, 104.01176452636719, 97.91961669921875, 102.12748718261719, 88.39171600341797, 93.10789489746094, 99.21858978271484, 92.1810531616211, 87.3578109741211, 88.5625228881836, 93.5188217163086, 90.74713134765625, 85.84129333496094, 84.6974868774414, 84.32172393798828, 93.01365661621094, 86.71613311767578, 79.50405883789062, 91.221435546875, 81.42216491699219, 81.8338394165039, 82.7740249633789, 82.13459777832031, 66.83248901367188, 74.15254211425781, 73.00141906738281, 80.15686798095703, 70.39494323730469, 64.60543823242188, 70.76136779785156, 62.49086380004883, 65.79267883300781, 65.98819732666016, 60.651954650878906, 59.97768020629883, 56.0394401550293, 58.19361114501953, 56.27617645263672, 49.92853927612305, 54.30030059814453, 52.9605598449707, 50.09748077392578, 46.50768280029297, 45.13538360595703, 41.53398132324219, 38.86415481567383, 41.55595779418945, 39.104225158691406, 36.460365295410156, 37.179237365722656, 35.60239791870117, 35.1909294128418, 34.97978973388672, 33.89183044433594, 35.54838180541992, 31.248722076416016, 30.745397567749023, 29.209606170654297, 27.364978790283203, 27.432392120361328, 25.967418670654297, 25.2738037109375, 23.228370666503906, 23.6602725982666, 22.0184383392334, 20.899784088134766, 20.061426162719727, 17.980365753173828, 16.874658584594727, 16.18792152404785, 14.387031555175781, 13.319648742675781, 12.030206680297852, 10.691521644592285, 9.401498794555664, 8.458230972290039, 7.2201080322265625, 6.52267599105835, 5.089687824249268, 4.03624963760376, 3.2800514698028564, 2.3153223991394043], "var": [42.33660888671875, 69.20542907714844, 35.754188537597656, 126.68482971191406, 22.846412658691406, 62.12764358520508, 127.38103485107422, 102.50125885009766, 103.86023712158203, 110.66082763671875, 119.7606430053711, 67.13568878173828, 209.8076171875, 39.86279296875, 62.63301467895508, 139.5132293701172, 91.68373107910156, 13.897625923156738, 256.4458923339844, 38.74151611328125, 147.41757202148438, 168.10731506347656, 479.02337646484375, 119.6092300415039, 237.15249633789062, 24.08934211730957, 257.5339050292969, 179.22732543945312, 125.48832702636719, 140.75665283203125, 171.63291931152344, 49.776161193847656, 75.57357025146484, 93.76968383789062, 203.4725799560547, 35.1082763671875, 38.63195037841797, 186.08843994140625, 70.67626953125, 184.28616333007812, 120.59577941894531, 156.11746215820312, 115.94285583496094, 172.69265747070312, 109.3868637084961, 159.78909301757812, 24.957355499267578, 317.5942687988281, 232.99754333496094, 193.1173858642578, 197.35118103027344, 248.99716186523438, 291.5560302734375, 86.93177032470703, 172.4105987548828, 144.6143798828125, 229.70068359375, 307.1707458496094, 140.02377319335938, 101.93579864501953, 146.11761474609375, 119.321044921875, 106.72694396972656, 140.6231689453125, 257.5701904296875, 192.170166015625, 171.8685302734375, 236.15716552734375, 162.61390686035156, 46.3241081237793, 173.02569580078125, 171.8007354736328, 222.3544158935547, 116.22477722167969, 58.388423919677734, 84.57879638671875, 110.18586730957031, 99.23945617675781, 165.0374755859375, 27.070941925048828, 27.78135108947754, 82.10848999023438, 36.823490142822266, 41.97354507446289, 46.525489807128906, 35.09739303588867, 20.325942993164062, 37.92348098754883, 19.89767074584961, 47.38130187988281, 9.667495727539062, 12.087151527404785, 8.418472290039062, 21.971128463745117, 10.3749418258667, 13.566036224365234, 9.712457656860352, 20.14872932434082, 7.2875075340271, 7.894418716430664, 2.797423839569092, 1.1652460098266602, 1.4781633615493774, 0.9228591918945312, 1.3678300380706787, 2.3440656661987305, 2.83903169631958, 2.6063175201416016, 0.9178573489189148, 2.0635838508605957, 0.7256251573562622, 1.137990117073059, 0.8444647192955017, 0.41059091687202454, 0.6132152676582336, 0.3827185332775116, 0.7442021369934082, 0.28275251388549805, 0.45169463753700256, 0.3407641351222992, 0.08483131974935532, 0.6084310412406921, 0.23267193138599396, 0.3455261290073395, 0.31189781427383423], "true": [120.0, 120.0, 120.0, 120.0, 120.0, 119.0, 118.0, 117.0, 116.0, 115.0, 114.0, 113.0, 112.0, 111.0, 110.0, 109.0, 108.0, 107.0, 106.0, 105.0, 104.0, 103.0, 102.0, 101.0, 100.0, 99.0, 98.0, 97.0, 96.0, 95.0, 94.0, 93.0, 92.0, 91.0, 90.0, 89.0, 88.0, 87.0, 86.0, 85.0, 84.0, 83.0, 82.0, 81.0, 80.0, 79.0, 78.0, 77.0, 76.0, 75.0, 74.0, 73.0, 72.0, 71.0, 70.0, 69.0, 68.0, 67.0, 66.0, 65.0, 64.0, 63.0, 62.0, 61.0, 60.0, 59.0, 58.0, 57.0, 56.0, 55.0, 54.0, 53.0, 52.0, 51.0, 50.0, 49.0, 48.0, 47.0, 46.0, 45.0, 44.0, 43.0, 42.0, 41.0, 40.0, 39.0, 38.0, 37.0, 36.0, 35.0, 34.0, 33.0, 32.0, 31.0, 30.0, 29.0, 28.0, 27.0, 26.0, 25.0, 24.0, 23.0, 22.0, 21.0, 20.0, 19.0, 18.0, 17.0, 16.0, 15.0, 14.0, 13.0, 12.0, 11.0, 10.0, 9.0, 8.0, 7.0, 6.0, 5.0, 4.0, 3.0, 2.0, 1.0, 0.0], "RMSE": 12.65}