{"mean": [122.95219421386719, 125.41363525390625, 124.2707748413086, 125.0829849243164, 123.17283630371094, 125.0792007446289, 123.71940612792969, 122.71934509277344, 124.50872802734375, 123.8210678100586, 123.50074768066406, 123.14534759521484, 123.20975494384766, 120.41822814941406, 122.01165771484375, 121.5372543334961, 121.77909851074219, 118.13023376464844, 120.97430419921875, 119.23231506347656, 118.155029296875, 118.3011703491211, 118.61627197265625, 120.01783752441406, 119.58992004394531, 119.11616516113281, 115.55229187011719, 117.55318450927734, 114.42183685302734, 114.28057861328125, 112.46888732910156, 110.412841796875, 108.07902526855469, 110.24436950683594, 108.3948974609375, 107.45750427246094, 105.36116027832031, 99.41737365722656, 95.72897338867188, 91.33816528320312, 88.56903076171875, 92.18586730957031, 88.89259338378906, 83.5277328491211, 80.95793151855469, 86.108154296875, 79.94437408447266, 70.48164367675781, 75.09162902832031, 73.69440460205078, 67.84111022949219, 62.62897491455078, 62.357032775878906, 64.12977600097656, 58.89361572265625, 60.14494705200195, 59.3077507019043, 56.05747604370117, 54.352264404296875, 51.67205047607422, 50.46388626098633, 49.91434097290039, 50.279029846191406, 47.21057891845703, 45.91387176513672, 45.734981536865234, 44.37872314453125, 42.924720764160156, 42.514625549316406, 40.44117736816406, 37.70212936401367, 37.49345779418945, 37.59865188598633, 35.78610610961914, 34.64575958251953, 33.68225860595703, 33.09945297241211, 30.8313045501709, 30.8082332611084, 30.306095123291016, 28.96138572692871, 27.4749755859375, 27.21026611328125, 25.6274471282959, 25.275846481323242, 24.044631958007812, 24.48272705078125, 23.475936889648438, 23.22523307800293, 21.15338134765625, 20.421791076660156, 20.275604248046875, 18.951248168945312, 18.255887985229492, 16.705028533935547, 15.624821662902832, 14.550355911254883, 13.589630126953125, 12.326032638549805, 11.278249740600586, 10.134475708007812, 9.197332382202148, 7.892280578613281, 6.62429141998291, 5.388852119445801, 4.417912483215332, 3.0972723960876465, 2.4935755729675293], "var": [3.043360710144043, 10.386746406555176, 26.878700256347656, 8.709149360656738, 10.690873146057129, 13.904791831970215, 7.004576683044434, 9.85322093963623, 5.864700794219971, 7.70751428604126, 7.690883636474609, 18.28229331970215, 3.60268497467041, 6.849639892578125, 9.350849151611328, 18.852319717407227, 17.52474594116211, 16.681331634521484, 11.267898559570312, 7.368636608123779, 36.200950622558594, 12.868480682373047, 25.60004234313965, 27.16399383544922, 15.340813636779785, 17.870420455932617, 29.707576751708984, 26.771066665649414, 28.731815338134766, 26.30637550354004, 22.293119430541992, 16.595766067504883, 32.86611557006836, 37.891746520996094, 31.273120880126953, 15.56724739074707, 53.39615249633789, 184.932861328125, 92.7750015258789, 80.9076919555664, 151.9467315673828, 151.08546447753906, 211.3958740234375, 251.08804321289062, 128.00328063964844, 229.00611877441406, 117.67356872558594, 52.895896911621094, 117.41759490966797, 128.9561004638672, 117.1172103881836, 16.555313110351562, 41.58314895629883, 39.37205123901367, 23.000667572021484, 26.3233585357666, 31.776037216186523, 23.364282608032227, 21.788450241088867, 8.230880737304688, 3.637181282043457, 9.400094985961914, 11.434497833251953, 13.47114372253418, 6.616233825683594, 6.876898288726807, 20.889421463012695, 5.520721435546875, 4.022164344787598, 2.0404937267303467, 6.266869068145752, 14.522340774536133, 3.7098145484924316, 6.84201192855835, 3.056265354156494, 4.257294654846191, 4.473515510559082, 1.882542610168457, 4.751259803771973, 3.6552155017852783, 8.022557258605957, 1.4214266538619995, 1.6981838941574097, 1.7507871389389038, 3.2476375102996826, 1.7163536548614502, 1.3833237886428833, 3.288806915283203, 3.130751371383667, 2.197636604309082, 1.4826302528381348, 1.2621709108352661, 1.058835506439209, 0.7406964898109436, 0.6123649477958679, 1.0546550750732422, 0.3006162941455841, 0.5754601359367371, 0.8635309934616089, 0.575499415397644, 0.2499489039182663, 0.32125115394592285, 0.1726142019033432, 0.12368602305650711, 0.3208281695842743, 0.6806197166442871, 0.07476066797971725, 0.12917651236057281], "true": [107.0, 106.0, 105.0, 104.0, 103.0, 102.0, 101.0, 100.0, 99.0, 98.0, 97.0, 96.0, 95.0, 94.0, 93.0, 92.0, 91.0, 90.0, 89.0, 88.0, 87.0, 86.0, 85.0, 84.0, 83.0, 82.0, 81.0, 80.0, 79.0, 78.0, 77.0, 76.0, 75.0, 74.0, 73.0, 72.0, 71.0, 70.0, 69.0, 68.0, 67.0, 66.0, 65.0, 64.0, 63.0, 62.0, 61.0, 60.0, 59.0, 58.0, 57.0, 56.0, 55.0, 54.0, 53.0, 52.0, 51.0, 50.0, 49.0, 48.0, 47.0, 46.0, 45.0, 44.0, 43.0, 42.0, 41.0, 40.0, 39.0, 38.0, 37.0, 36.0, 35.0, 34.0, 33.0, 32.0, 31.0, 30.0, 29.0, 28.0, 27.0, 26.0, 25.0, 24.0, 23.0, 22.0, 21.0, 20.0, 19.0, 18.0, 17.0, 16.0, 15.0, 14.0, 13.0, 12.0, 11.0, 10.0, 9.0, 8.0, 7.0, 6.0, 5.0, 4.0, 3.0, 2.0, 1.0, 0.0], "RMSE": 19.51}