{"mean": [125.81014251708984, 125.05073547363281, 124.0003433227539, 123.94297790527344, 127.05815124511719, 123.95475006103516, 126.58418273925781, 124.9435043334961, 124.01808166503906, 123.0968246459961, 124.09526062011719, 121.5059814453125, 123.60563659667969, 124.0704574584961, 122.1278305053711, 123.79194641113281, 121.41960144042969, 122.32796478271484, 123.16593933105469, 121.60798645019531, 120.65042877197266, 121.57475280761719, 120.1362075805664, 118.767333984375, 120.9148178100586, 118.15692138671875, 117.16651916503906, 119.11412048339844, 118.5571517944336, 119.20963287353516, 117.73238372802734, 117.63514709472656, 115.31961822509766, 115.56331634521484, 114.888916015625, 118.3832778930664, 114.93675231933594, 112.79622650146484, 111.8856430053711, 117.19783020019531, 111.76934814453125, 112.42940521240234, 110.38956451416016, 109.1736831665039, 106.77962493896484, 105.57027435302734, 106.76253509521484, 105.80257415771484, 101.94236755371094, 99.33966064453125, 102.713134765625, 99.40180969238281, 97.17513275146484, 97.66905975341797, 99.08351135253906, 92.80506896972656, 91.70098876953125, 87.75422668457031, 87.35346221923828, 80.08377075195312, 78.05926513671875, 86.62037658691406, 73.49139404296875, 74.74818420410156, 74.52064514160156, 72.24812316894531, 72.22945404052734, 68.49519348144531, 65.69944763183594, 64.72534942626953, 63.88228225708008, 61.753265380859375, 61.727882385253906, 60.9904899597168, 60.7226448059082, 58.953773498535156, 57.30903244018555, 53.517425537109375, 52.59031295776367, 54.12162399291992, 51.045631408691406, 50.044105529785156, 49.846275329589844, 45.06793212890625, 44.084014892578125, 43.62080764770508, 45.4072151184082, 42.18995666503906, 40.61998748779297, 39.61250686645508, 41.79701614379883, 35.554962158203125, 37.33775329589844, 34.35594940185547, 36.03458786010742, 31.801788330078125, 31.32525062561035, 30.284351348876953, 29.442852020263672, 28.595626831054688, 28.333629608154297, 27.586803436279297, 27.294536590576172, 24.995290756225586, 24.17960548400879, 23.260520935058594, 23.070173263549805, 20.803543090820312, 19.571928024291992, 18.747474670410156, 17.586326599121094, 15.692060470581055, 14.84509563446045, 14.492204666137695, 12.652467727661133, 11.512067794799805, 10.550058364868164, 9.837393760681152, 8.527425765991211, 7.641460418701172, 6.495765686035156, 4.941075325012207, 3.8413562774658203, 2.691539764404297, 2.2773046493530273], "var": [16.15130615234375, 7.933680057525635, 12.800025939941406, 16.390905380249023, 10.432432174682617, 7.120314121246338, 22.58962059020996, 10.84412670135498, 18.45708656311035, 19.46039390563965, 25.397289276123047, 11.513081550598145, 7.559909820556641, 9.550989151000977, 11.418564796447754, 9.273340225219727, 11.283093452453613, 22.208776473999023, 7.565578460693359, 16.960763931274414, 32.533599853515625, 8.715031623840332, 18.933921813964844, 10.054695129394531, 20.760581970214844, 44.26023483276367, 7.5185546875, 22.64069175720215, 17.76458168029785, 16.395191192626953, 18.390453338623047, 24.786447525024414, 31.730857849121094, 17.55450439453125, 21.627609252929688, 31.393692016601562, 12.134546279907227, 47.14275360107422, 15.819039344787598, 12.072270393371582, 52.637332916259766, 23.411489486694336, 129.45823669433594, 15.371078491210938, 57.678401947021484, 143.3447265625, 90.7329330444336, 50.28225326538086, 116.28543090820312, 25.087682723999023, 73.84514617919922, 142.48370361328125, 196.2591094970703, 62.57501983642578, 48.83187484741211, 80.86546325683594, 81.7101058959961, 353.2418518066406, 209.5257110595703, 153.49900817871094, 312.8570861816406, 163.88034057617188, 120.73870849609375, 204.179931640625, 227.69825744628906, 157.0028839111328, 179.5979766845703, 51.23414993286133, 62.00359344482422, 124.5838851928711, 81.75330352783203, 97.8295669555664, 23.875268936157227, 57.399349212646484, 155.57911682128906, 41.665618896484375, 32.4976921081543, 24.21846580505371, 33.572147369384766, 53.34743881225586, 23.51020050048828, 45.6214714050293, 47.65774917602539, 9.763837814331055, 21.102537155151367, 16.343860626220703, 32.74799346923828, 21.93740463256836, 16.00385284423828, 14.808258056640625, 17.11263656616211, 8.194449424743652, 12.356833457946777, 4.463227272033691, 17.205909729003906, 6.235995769500732, 2.085284471511841, 7.418787479400635, 1.9647735357284546, 4.617403507232666, 0.968167245388031, 2.2003908157348633, 5.600502014160156, 0.8447431921958923, 4.150911331176758, 1.8934526443481445, 0.661135196685791, 0.8754022121429443, 1.0032626390457153, 0.6750801205635071, 0.16164769232273102, 0.7124348282814026, 0.2481897622346878, 0.5161185264587402, 0.7509894371032715, 0.8248971104621887, 1.3252431154251099, 0.2237476110458374, 0.4488511085510254, 0.3967151641845703, 0.43921127915382385, 0.16624601185321808, 0.31943511962890625, 0.15660850703716278, 0.4169061481952667], "true": [120.0, 120.0, 120.0, 120.0, 120.0, 119.0, 118.0, 117.0, 116.0, 115.0, 114.0, 113.0, 112.0, 111.0, 110.0, 109.0, 108.0, 107.0, 106.0, 105.0, 104.0, 103.0, 102.0, 101.0, 100.0, 99.0, 98.0, 97.0, 96.0, 95.0, 94.0, 93.0, 92.0, 91.0, 90.0, 89.0, 88.0, 87.0, 86.0, 85.0, 84.0, 83.0, 82.0, 81.0, 80.0, 79.0, 78.0, 77.0, 76.0, 75.0, 74.0, 73.0, 72.0, 71.0, 70.0, 69.0, 68.0, 67.0, 66.0, 65.0, 64.0, 63.0, 62.0, 61.0, 60.0, 59.0, 58.0, 57.0, 56.0, 55.0, 54.0, 53.0, 52.0, 51.0, 50.0, 49.0, 48.0, 47.0, 46.0, 45.0, 44.0, 43.0, 42.0, 41.0, 40.0, 39.0, 38.0, 37.0, 36.0, 35.0, 34.0, 33.0, 32.0, 31.0, 30.0, 29.0, 28.0, 27.0, 26.0, 25.0, 24.0, 23.0, 22.0, 21.0, 20.0, 19.0, 18.0, 17.0, 16.0, 15.0, 14.0, 13.0, 12.0, 11.0, 10.0, 9.0, 8.0, 7.0, 6.0, 5.0, 4.0, 3.0, 2.0, 1.0, 0.0], "RMSE": 15.59}