{"mean": [125.083740234375, 125.23295593261719, 126.24102783203125, 124.43629455566406, 123.1822509765625, 123.8763427734375, 125.04328918457031, 124.1720962524414, 123.18534851074219, 124.27201843261719, 120.40352630615234, 125.137939453125, 123.8729476928711, 124.377197265625, 122.61651611328125, 125.15507507324219, 122.55421447753906, 123.57596588134766, 121.35295104980469, 123.9029541015625, 120.77813720703125, 125.4062271118164, 122.69139099121094, 122.7391357421875, 122.4791030883789, 122.46134948730469, 121.37245178222656, 123.73249816894531, 122.18202209472656, 118.5014877319336, 118.5687255859375, 120.37422180175781, 119.97298431396484, 120.48030090332031, 117.68382263183594, 119.45594787597656, 118.8178482055664, 120.3189468383789, 116.85709381103516, 115.3685073852539, 117.6036376953125, 114.86576843261719, 116.9227523803711, 115.31893157958984, 115.2215347290039, 112.16947937011719, 112.3782730102539, 112.4125747680664, 109.61624908447266, 110.4235610961914, 108.41153717041016, 105.05809020996094, 101.92677307128906, 104.6644287109375, 93.36454772949219, 99.41517639160156, 91.71870422363281, 101.74141693115234, 88.13172912597656, 86.50090026855469, 86.19792175292969, 85.1391372680664, 81.72361755371094, 76.9733657836914, 78.02570343017578, 71.7216796875, 73.19694519042969, 70.45702362060547, 67.1031723022461, 61.70524215698242, 65.15383911132812, 62.30348587036133, 61.9468994140625, 59.91010284423828, 54.37510299682617, 52.81061553955078, 51.119285583496094, 51.00016403198242, 47.763031005859375, 47.090457916259766, 48.21635818481445, 45.857852935791016, 43.32451629638672, 44.48005676269531, 42.08534240722656, 39.266510009765625, 38.68683624267578, 37.084442138671875, 38.837425231933594, 37.037513732910156, 35.46691131591797, 35.086490631103516, 33.35157012939453, 32.81958770751953, 32.930023193359375, 30.658554077148438, 28.55881690979004, 28.618112564086914, 27.773571014404297, 25.922903060913086, 25.60577964782715, 25.024459838867188, 23.769603729248047, 23.683109283447266, 22.109041213989258, 21.51148796081543, 20.06857681274414, 19.243122100830078, 18.63287353515625, 17.30211067199707, 16.477628707885742, 15.347783088684082, 14.69389820098877, 13.408282279968262, 12.130350112915039, 10.932966232299805, 10.202208518981934, 8.55705738067627, 7.693072319030762, 6.753822326660156, 5.602879524230957, 4.240293979644775, 3.219561815261841, 2.538301944732666], "var": [12.207481384277344, 3.8916075229644775, 9.346138954162598, 9.440153121948242, 11.48149299621582, 4.9331374168396, 19.410799026489258, 4.94801139831543, 8.627948760986328, 14.511937141418457, 22.69735336303711, 6.918961524963379, 17.457942962646484, 12.990619659423828, 15.61064338684082, 8.425606727600098, 16.110570907592773, 8.090807914733887, 10.55823040008545, 12.673608779907227, 18.545900344848633, 11.279891014099121, 13.70737075805664, 22.09132957458496, 20.006433486938477, 12.410955429077148, 15.726524353027344, 14.889317512512207, 15.042045593261719, 32.05059814453125, 23.052383422851562, 10.552141189575195, 22.936046600341797, 19.886791229248047, 12.961323738098145, 28.505510330200195, 17.705942153930664, 9.267735481262207, 6.145247936248779, 30.762319564819336, 9.368496894836426, 43.264915466308594, 7.703035831451416, 23.426544189453125, 19.565711975097656, 57.55656814575195, 8.606062889099121, 21.149436950683594, 79.9183578491211, 48.89133071899414, 15.414423942565918, 45.85368728637695, 67.95073699951172, 80.63677215576172, 121.91559600830078, 155.95855712890625, 196.40438842773438, 143.2150421142578, 158.33895874023438, 140.9090576171875, 190.0879669189453, 230.3203887939453, 157.70822143554688, 109.946044921875, 165.06411743164062, 120.47321319580078, 87.66067504882812, 95.29024505615234, 69.3386001586914, 114.2995834350586, 78.72872161865234, 30.230669021606445, 61.01539611816406, 118.42274475097656, 62.70001983642578, 22.164270401000977, 20.06443214416504, 16.474822998046875, 14.606778144836426, 14.123443603515625, 18.109355926513672, 16.337236404418945, 16.905466079711914, 11.737090110778809, 26.829225540161133, 5.6185994148254395, 4.337730884552002, 6.334206581115723, 19.380599975585938, 15.425169944763184, 7.650477886199951, 16.618148803710938, 6.992850303649902, 5.156370639801025, 3.991884231567383, 3.2350261211395264, 2.3234000205993652, 4.1420512199401855, 4.628383636474609, 4.921096324920654, 1.5582337379455566, 1.2489540576934814, 1.607561469078064, 2.547058343887329, 1.9493474960327148, 1.0514837503433228, 2.1874237060546875, 0.8218167424201965, 1.2612435817718506, 1.3043397665023804, 0.9508880972862244, 1.075344443321228, 0.6536881923675537, 0.3361683785915375, 0.5640494227409363, 1.1424684524536133, 0.5249453783035278, 0.8813151121139526, 0.5043772459030151, 0.23598340153694153, 0.4760674238204956, 0.2847561240196228, 0.100314199924469, 0.11357186734676361], "true": [120.0, 120.0, 120.0, 120.0, 119.0, 118.0, 117.0, 116.0, 115.0, 114.0, 113.0, 112.0, 111.0, 110.0, 109.0, 108.0, 107.0, 106.0, 105.0, 104.0, 103.0, 102.0, 101.0, 100.0, 99.0, 98.0, 97.0, 96.0, 95.0, 94.0, 93.0, 92.0, 91.0, 90.0, 89.0, 88.0, 87.0, 86.0, 85.0, 84.0, 83.0, 82.0, 81.0, 80.0, 79.0, 78.0, 77.0, 76.0, 75.0, 74.0, 73.0, 72.0, 71.0, 70.0, 69.0, 68.0, 67.0, 66.0, 65.0, 64.0, 63.0, 62.0, 61.0, 60.0, 59.0, 58.0, 57.0, 56.0, 55.0, 54.0, 53.0, 52.0, 51.0, 50.0, 49.0, 48.0, 47.0, 46.0, 45.0, 44.0, 43.0, 42.0, 41.0, 40.0, 39.0, 38.0, 37.0, 36.0, 35.0, 34.0, 33.0, 32.0, 31.0, 30.0, 29.0, 28.0, 27.0, 26.0, 25.0, 24.0, 23.0, 22.0, 21.0, 20.0, 19.0, 18.0, 17.0, 16.0, 15.0, 14.0, 13.0, 12.0, 11.0, 10.0, 9.0, 8.0, 7.0, 6.0, 5.0, 4.0, 3.0, 2.0, 1.0, 0.0], "RMSE": 18.65}