{"mean": [123.86271667480469, 122.052734375, 123.15156555175781, 123.50732421875, 124.96397399902344, 123.04960632324219, 122.2186279296875, 121.84223937988281, 122.76985931396484, 120.96368408203125, 120.45076751708984, 123.33660888671875, 123.0293960571289, 125.2680435180664, 119.692138671875, 119.95565032958984, 120.3774642944336, 119.85650634765625, 122.21319580078125, 120.49713134765625, 120.78947448730469, 122.29277038574219, 119.9030532836914, 118.53923034667969, 118.43751525878906, 116.77249908447266, 117.19775390625, 118.83065032958984, 118.37785339355469, 116.69584655761719, 112.98626708984375, 112.9968032836914, 114.39031982421875, 110.37492370605469, 112.70538330078125, 104.83216857910156, 110.2339096069336, 107.3807601928711, 109.705810546875, 103.99027252197266, 103.7439193725586, 105.80635070800781, 101.02469635009766, 94.43342590332031, 93.52000427246094, 87.12031555175781, 92.18035125732422, 87.30252838134766, 85.59412384033203, 82.78657531738281, 81.71778869628906, 78.29627227783203, 74.24855041503906, 69.04751586914062, 78.26188659667969, 73.39208221435547, 69.08769226074219, 64.80850982666016, 66.59596252441406, 64.7834701538086, 59.74257278442383, 59.16058349609375, 60.61219024658203, 54.609107971191406, 56.609954833984375, 49.4979362487793, 50.59623718261719, 49.50511932373047, 46.324424743652344, 43.50630187988281, 45.39441680908203, 43.45275115966797, 43.103797912597656, 38.742218017578125, 39.65406036376953, 37.958221435546875, 35.75135040283203, 34.723419189453125, 34.19940948486328, 34.027976989746094, 32.12517166137695, 31.268939971923828, 29.524883270263672, 28.919403076171875, 27.91049575805664, 28.058115005493164, 26.682653427124023, 26.020172119140625, 26.33744239807129, 25.046083450317383, 24.33432960510254, 23.189863204956055, 22.118276596069336, 21.510906219482422, 19.704689025878906, 18.597240447998047, 17.690135955810547, 16.45078468322754, 14.674067497253418, 13.612408638000488, 11.96984577178955, 10.237259864807129, 9.2249116897583, 8.112265586853027, 6.5733323097229, 5.343214988708496, 3.880539655685425, 3.4158637523651123], "var": [6.16040563583374, 27.39226722717285, 8.889509201049805, 19.565616607666016, 10.468765258789062, 16.1027889251709, 9.469791412353516, 19.273481369018555, 25.234050750732422, 12.19874095916748, 9.19727897644043, 17.417022705078125, 18.199480056762695, 4.579603672027588, 10.39785385131836, 23.77561378479004, 6.885934829711914, 27.41048812866211, 11.300345420837402, 41.71864318847656, 13.245612144470215, 9.331174850463867, 10.775769233703613, 9.945398330688477, 36.99368667602539, 14.0934476852417, 10.822291374206543, 40.98512649536133, 26.487211227416992, 35.822452545166016, 48.20960235595703, 72.96934509277344, 20.748788833618164, 26.36894989013672, 27.46830940246582, 113.52549743652344, 51.69417953491211, 86.45774841308594, 73.3388671875, 231.49795532226562, 75.50614929199219, 104.30390167236328, 163.56283569335938, 184.31105041503906, 147.51510620117188, 310.5480651855469, 220.30677795410156, 264.1813049316406, 161.8247528076172, 182.4906768798828, 170.51226806640625, 276.7427978515625, 251.90634155273438, 139.66073608398438, 223.96092224121094, 303.03289794921875, 182.555908203125, 86.03495788574219, 128.79051208496094, 45.138816833496094, 43.155601501464844, 17.734268188476562, 28.966880798339844, 24.9184513092041, 53.18674087524414, 8.107104301452637, 26.26642608642578, 33.96335983276367, 20.560794830322266, 9.021896362304688, 56.463890075683594, 19.92083168029785, 29.831798553466797, 3.4647157192230225, 14.963479042053223, 6.437500953674316, 9.188058853149414, 8.756261825561523, 8.750789642333984, 7.159637451171875, 2.1588990688323975, 4.7598395347595215, 2.2480809688568115, 1.3216640949249268, 3.382343292236328, 3.676605224609375, 7.096818923950195, 2.1249516010284424, 5.724508762359619, 2.3642067909240723, 2.1853384971618652, 2.224575996398926, 2.4249913692474365, 1.3640154600143433, 1.636820673942566, 1.0766853094100952, 0.3060995042324066, 0.3199528753757477, 0.2611655592918396, 0.465142160654068, 0.5772978067398071, 0.4477583169937134, 0.42010942101478577, 0.4211893677711487, 0.18435297906398773, 0.3541090190410614, 0.18526001274585724, 0.15073247253894806], "true": [107.0, 106.0, 105.0, 104.0, 103.0, 102.0, 101.0, 100.0, 99.0, 98.0, 97.0, 96.0, 95.0, 94.0, 93.0, 92.0, 91.0, 90.0, 89.0, 88.0, 87.0, 86.0, 85.0, 84.0, 83.0, 82.0, 81.0, 80.0, 79.0, 78.0, 77.0, 76.0, 75.0, 74.0, 73.0, 72.0, 71.0, 70.0, 69.0, 68.0, 67.0, 66.0, 65.0, 64.0, 63.0, 62.0, 61.0, 60.0, 59.0, 58.0, 57.0, 56.0, 55.0, 54.0, 53.0, 52.0, 51.0, 50.0, 49.0, 48.0, 47.0, 46.0, 45.0, 44.0, 43.0, 42.0, 41.0, 40.0, 39.0, 38.0, 37.0, 36.0, 35.0, 34.0, 33.0, 32.0, 31.0, 30.0, 29.0, 28.0, 27.0, 26.0, 25.0, 24.0, 23.0, 22.0, 21.0, 20.0, 19.0, 18.0, 17.0, 16.0, 15.0, 14.0, 13.0, 12.0, 11.0, 10.0, 9.0, 8.0, 7.0, 6.0, 5.0, 4.0, 3.0, 2.0, 1.0, 0.0], "RMSE": 22.8}