{"mean": [120.77009582519531, 120.67976379394531, 119.9672622680664, 120.2066879272461, 119.26297760009766, 115.94730377197266, 118.07203674316406, 119.59765625, 117.5445556640625, 119.53597259521484, 120.04478454589844, 117.0719223022461, 117.13021087646484, 111.9834976196289, 112.55078125, 112.3339614868164, 112.38829040527344, 110.46452331542969, 113.60069274902344, 113.28196716308594, 108.5999526977539, 111.34074401855469, 106.996826171875, 106.90325927734375, 110.34294128417969, 110.61771392822266, 111.06184387207031, 107.60417175292969, 107.7481918334961, 107.86650085449219, 109.83433532714844, 105.5305404663086, 107.90293884277344, 101.68055725097656, 101.49241638183594, 101.35935974121094, 103.08184814453125, 99.29884338378906, 95.2381591796875, 95.97740936279297, 94.58671569824219, 102.63726806640625, 94.07792663574219, 85.26422882080078, 98.80460357666016, 91.11676788330078, 87.39847564697266, 92.74507141113281, 88.49932098388672, 76.06666564941406, 77.06758117675781, 75.75366973876953, 74.6825180053711, 81.51899719238281, 76.14834594726562, 77.6751708984375, 72.93708801269531, 71.26696014404297, 71.83086395263672, 60.68708419799805, 66.72245025634766, 60.016944885253906, 56.927276611328125, 63.53196334838867, 54.81452178955078, 54.25105667114258, 56.26948165893555, 55.818450927734375, 53.28430938720703, 51.48516082763672, 52.557090759277344, 54.5386962890625, 52.367042541503906, 46.73334884643555, 44.941184997558594, 44.28989028930664, 44.95138168334961, 43.474830627441406, 43.081722259521484, 39.80310821533203, 37.729103088378906, 39.004005432128906, 36.60449981689453, 35.458988189697266, 34.47202682495117, 35.67705154418945, 32.73490905761719, 32.49005889892578, 30.54994773864746, 31.07891273498535, 28.577396392822266, 28.466995239257812, 27.974334716796875, 26.377212524414062, 24.965892791748047, 25.299938201904297, 23.83611488342285, 23.12385368347168, 22.342809677124023, 21.647676467895508, 20.723596572875977, 18.716960906982422, 19.695087432861328, 17.244651794433594, 17.064760208129883, 15.532987594604492, 13.86674690246582, 13.493301391601562, 12.01196575164795, 10.310598373413086, 10.389362335205078, 9.111593246459961, 7.48254919052124, 6.391651630401611, 5.164157390594482, 4.390196800231934, 3.3259708881378174, 2.530973434448242], "var": [17.190153121948242, 26.69709014892578, 16.705360412597656, 7.349521160125732, 26.389326095581055, 4.4413676261901855, 16.090518951416016, 31.442298889160156, 16.512615203857422, 14.071773529052734, 24.762216567993164, 28.517650604248047, 36.23134231567383, 23.022462844848633, 82.27926635742188, 16.6988525390625, 42.202423095703125, 68.95840454101562, 45.69596481323242, 38.44249725341797, 112.75743865966797, 44.778648376464844, 88.49456024169922, 70.236572265625, 76.96047973632812, 82.00662231445312, 65.53032684326172, 63.648441314697266, 112.2188720703125, 29.695266723632812, 35.2333984375, 148.873291015625, 106.83367156982422, 84.13567352294922, 208.632080078125, 183.87425231933594, 195.75833129882812, 68.08539581298828, 214.80889892578125, 117.95713806152344, 113.18537139892578, 124.55458068847656, 246.97726440429688, 166.4415283203125, 107.55010223388672, 245.199951171875, 101.35126495361328, 240.58346557617188, 73.60104370117188, 186.39512634277344, 281.6560363769531, 98.96804809570312, 70.7516860961914, 81.25111389160156, 233.73959350585938, 124.6968994140625, 324.455810546875, 126.09312438964844, 91.43734741210938, 61.24427795410156, 81.03457641601562, 21.5150146484375, 36.0846061706543, 139.41648864746094, 9.713533401489258, 19.84574317932129, 21.201139450073242, 53.266693115234375, 34.77779769897461, 40.22814178466797, 64.47532653808594, 68.2141342163086, 29.607421875, 37.809547424316406, 28.289474487304688, 8.587730407714844, 17.60975456237793, 23.075300216674805, 18.282779693603516, 16.817075729370117, 8.39190673828125, 13.796850204467773, 6.911683559417725, 2.9112565517425537, 12.327431678771973, 10.911947250366211, 3.8481662273406982, 11.209502220153809, 8.967018127441406, 13.320966720581055, 2.3846051692962646, 4.103845596313477, 5.380351543426514, 1.2217785120010376, 5.7627716064453125, 2.544325590133667, 3.35202956199646, 2.1511411666870117, 0.673865020275116, 1.7494837045669556, 1.8143668174743652, 0.6386196613311768, 2.404233694076538, 0.4847204387187958, 0.43388837575912476, 1.0492448806762695, 0.660315752029419, 1.3298779726028442, 0.6252903938293457, 0.3708992898464203, 0.2892933189868927, 0.29096823930740356, 0.18488050997257233, 0.8463807106018066, 0.5290148854255676, 0.8311001062393188, 0.4777348041534424, 0.24145829677581787], "true": [117.0, 116.0, 115.0, 114.0, 113.0, 112.0, 111.0, 110.0, 109.0, 108.0, 107.0, 106.0, 105.0, 104.0, 103.0, 102.0, 101.0, 100.0, 99.0, 98.0, 97.0, 96.0, 95.0, 94.0, 93.0, 92.0, 91.0, 90.0, 89.0, 88.0, 87.0, 86.0, 85.0, 84.0, 83.0, 82.0, 81.0, 80.0, 79.0, 78.0, 77.0, 76.0, 75.0, 74.0, 73.0, 72.0, 71.0, 70.0, 69.0, 68.0, 67.0, 66.0, 65.0, 64.0, 63.0, 62.0, 61.0, 60.0, 59.0, 58.0, 57.0, 56.0, 55.0, 54.0, 53.0, 52.0, 51.0, 50.0, 49.0, 48.0, 47.0, 46.0, 45.0, 44.0, 43.0, 42.0, 41.0, 40.0, 39.0, 38.0, 37.0, 36.0, 35.0, 34.0, 33.0, 32.0, 31.0, 30.0, 29.0, 28.0, 27.0, 26.0, 25.0, 24.0, 23.0, 22.0, 21.0, 20.0, 19.0, 18.0, 17.0, 16.0, 15.0, 14.0, 13.0, 12.0, 11.0, 10.0, 9.0, 8.0, 7.0, 6.0, 5.0, 4.0, 3.0, 2.0, 1.0, 0.0], "RMSE": 11.14}