{"mean": [106.01165771484375, 102.32786560058594, 102.6980209350586, 106.0791015625, 98.89683532714844, 98.36944580078125, 102.54703521728516, 103.171630859375, 95.3369369506836, 98.63502502441406, 92.55316925048828, 86.49961853027344, 91.43054962158203, 89.38250732421875, 90.2632827758789, 79.3326644897461, 89.22773742675781, 85.6793441772461, 94.08748626708984, 91.70921325683594, 84.84866333007812, 87.57682037353516, 82.35807800292969, 88.00830078125, 77.91260528564453, 82.01397705078125, 80.05024719238281, 86.35899353027344, 88.46682739257812, 79.4841079711914, 75.26863098144531, 84.47993469238281, 75.2810287475586, 81.84696960449219, 93.29420471191406, 67.07154846191406, 81.11174011230469, 75.86567687988281, 66.092041015625, 77.82774353027344, 72.49742126464844, 66.64061737060547, 72.23445129394531, 63.31052780151367, 72.18815612792969, 66.59793853759766, 67.78849792480469, 66.33378601074219, 63.209510803222656, 73.27252197265625, 60.78324508666992, 60.013397216796875, 67.42296600341797, 74.41108703613281, 63.07847213745117, 64.46897888183594, 59.026031494140625, 62.09710693359375, 56.1020622253418, 54.89127731323242, 55.38353729248047, 49.84505844116211, 51.7804069519043, 47.181251525878906, 46.257686614990234, 44.31938934326172, 44.40221405029297, 42.772369384765625, 41.57329177856445, 40.756370544433594, 37.42634582519531, 37.516075134277344, 39.49625778198242, 34.33224105834961, 33.840660095214844, 33.52057647705078, 32.651466369628906, 32.68161392211914, 31.22201919555664, 29.392675399780273, 27.282241821289062, 28.776153564453125, 26.000125885009766, 24.731609344482422, 24.164113998413086, 22.57522964477539, 21.353214263916016, 22.34017562866211, 20.454498291015625, 20.28732681274414, 18.616291046142578, 16.33754539489746, 15.31840991973877, 15.210662841796875, 12.891779899597168, 12.017691612243652, 11.896395683288574, 11.191839218139648, 10.020231246948242, 9.550037384033203, 7.286945343017578, 6.3690619468688965, 5.516481876373291, 4.553491115570068, 3.2042183876037598, 2.480886936187744], "var": [87.2591781616211, 33.010520935058594, 57.62613296508789, 139.15086364746094, 60.602542877197266, 211.9076690673828, 51.79032516479492, 105.79438781738281, 69.00200653076172, 134.51658630371094, 75.21885681152344, 69.62551879882812, 121.41158294677734, 150.40316772460938, 168.60276794433594, 119.32623291015625, 141.8111572265625, 86.74788665771484, 133.37103271484375, 155.20004272460938, 95.45497131347656, 196.80589294433594, 101.93082427978516, 252.33152770996094, 121.89521026611328, 308.2001647949219, 221.55210876464844, 261.69281005859375, 253.94039916992188, 203.6708221435547, 130.64060974121094, 172.72689819335938, 146.1191864013672, 311.9958801269531, 169.0597381591797, 48.0670051574707, 217.0001983642578, 310.10113525390625, 65.4457015991211, 228.61715698242188, 172.48312377929688, 90.74966430664062, 154.19981384277344, 67.31797790527344, 184.61509704589844, 181.1911163330078, 80.49822998046875, 165.60411071777344, 66.28704833984375, 220.86183166503906, 32.49647521972656, 83.24913024902344, 88.2387466430664, 398.4804382324219, 73.38333129882812, 111.673095703125, 83.39786529541016, 35.92878341674805, 88.7049331665039, 67.58470916748047, 55.49761962890625, 20.75301170349121, 12.224483489990234, 40.99382019042969, 17.549453735351562, 5.77818489074707, 11.894876480102539, 11.220523834228516, 11.730220794677734, 16.916046142578125, 4.486442565917969, 11.336501121520996, 18.848682403564453, 5.8398284912109375, 7.70211935043335, 4.171370029449463, 5.50255823135376, 5.903138637542725, 4.798758029937744, 3.0668022632598877, 1.3929589986801147, 4.085526466369629, 2.6347365379333496, 0.789172887802124, 1.4653956890106201, 2.096133232116699, 1.4978793859481812, 0.9059121608734131, 2.917786121368408, 1.8901326656341553, 1.44877290725708, 1.1125319004058838, 2.186558246612549, 2.058276891708374, 1.4432986974716187, 1.2330448627471924, 1.6910178661346436, 1.2709381580352783, 0.8016359210014343, 0.8559319376945496, 1.030903935432434, 1.0082372426986694, 1.0800528526306152, 0.2420637458562851, 0.27324166893959045, 0.24151277542114258], "true": [105.0, 104.0, 103.0, 102.0, 101.0, 100.0, 99.0, 98.0, 97.0, 96.0, 95.0, 94.0, 93.0, 92.0, 91.0, 90.0, 89.0, 88.0, 87.0, 86.0, 85.0, 84.0, 83.0, 82.0, 81.0, 80.0, 79.0, 78.0, 77.0, 76.0, 75.0, 74.0, 73.0, 72.0, 71.0, 70.0, 69.0, 68.0, 67.0, 66.0, 65.0, 64.0, 63.0, 62.0, 61.0, 60.0, 59.0, 58.0, 57.0, 56.0, 55.0, 54.0, 53.0, 52.0, 51.0, 50.0, 49.0, 48.0, 47.0, 46.0, 45.0, 44.0, 43.0, 42.0, 41.0, 40.0, 39.0, 38.0, 37.0, 36.0, 35.0, 34.0, 33.0, 32.0, 31.0, 30.0, 29.0, 28.0, 27.0, 26.0, 25.0, 24.0, 23.0, 22.0, 21.0, 20.0, 19.0, 18.0, 17.0, 16.0, 15.0, 14.0, 13.0, 12.0, 11.0, 10.0, 9.0, 8.0, 7.0, 6.0, 5.0, 4.0, 3.0, 2.0, 1.0, 0.0], "RMSE": 6.77}