{"mean": [120.80035400390625, 119.14286804199219, 114.78227233886719, 122.15293884277344, 117.62928771972656, 117.37855529785156, 115.83207702636719, 119.9649887084961, 121.1581039428711, 121.3060302734375, 117.624755859375, 118.8704605102539, 112.528076171875, 118.16619873046875, 115.80841064453125, 114.81614685058594, 116.4591293334961, 113.88417053222656, 114.2510757446289, 112.90303039550781, 113.96784973144531, 115.46820068359375, 119.22483825683594, 117.0280532836914, 113.36702728271484, 108.51325988769531, 111.6445083618164, 110.684326171875, 113.2432861328125, 115.57176208496094, 112.41798400878906, 108.38350677490234, 113.71893310546875, 107.22142028808594, 108.25577545166016, 113.70329284667969, 104.65067291259766, 106.20552825927734, 107.10917663574219, 106.58731842041016, 103.87544250488281, 102.31403350830078, 95.82188415527344, 108.91849517822266, 95.96000671386719, 92.54823303222656, 98.5840835571289, 98.95258331298828, 94.76104736328125, 95.38943481445312, 93.88082122802734, 89.24776458740234, 95.17333984375, 92.0018081665039, 100.97177124023438, 85.0499267578125, 87.55429077148438, 88.0985336303711, 89.85253143310547, 79.52546691894531, 82.18223571777344, 78.238037109375, 77.8484115600586, 75.07771301269531, 75.6924819946289, 78.7173843383789, 68.51725006103516, 72.72098541259766, 70.15443420410156, 79.4380111694336, 70.6617431640625, 57.15120315551758, 64.09864044189453, 71.68253326416016, 63.493064880371094, 62.841285705566406, 63.593780517578125, 58.21138381958008, 54.885963439941406, 57.2627067565918, 50.51942825317383, 52.793701171875, 51.833251953125, 48.89814376831055, 45.90009307861328, 48.448097229003906, 43.78179931640625, 42.0205192565918, 43.61766815185547, 42.421607971191406, 39.7120246887207, 39.00733184814453, 37.56600570678711, 34.549720764160156, 35.44329833984375, 34.40125274658203, 33.41625213623047, 31.925655364990234, 31.49527931213379, 29.064855575561523, 30.500469207763672, 27.638355255126953, 27.247943878173828, 25.517934799194336, 24.923357009887695, 24.2761173248291, 22.446840286254883, 22.803821563720703, 21.491012573242188, 20.98171615600586, 20.55403709411621, 18.731990814208984, 17.781686782836914, 16.217113494873047, 14.182146072387695, 13.920989990234375, 13.461515426635742, 10.6073579788208, 10.8499174118042, 9.277813911437988, 7.861151695251465, 6.98789119720459, 6.084440231323242, 4.167507171630859, 2.512417793273926, 2.2084012031555176], "var": [33.66806411743164, 41.87369155883789, 6.592336654663086, 29.11879539489746, 44.88212585449219, 41.945186614990234, 87.97054290771484, 43.92399215698242, 14.784550666809082, 12.975127220153809, 47.10424041748047, 16.942575454711914, 70.07697296142578, 44.06269836425781, 20.109819412231445, 64.79967498779297, 84.64134979248047, 50.44511795043945, 55.5241813659668, 57.172218322753906, 68.53255462646484, 49.772186279296875, 33.75168991088867, 38.7467041015625, 80.86298370361328, 107.5490493774414, 118.86492156982422, 78.36053466796875, 196.1737518310547, 90.08535766601562, 161.0470733642578, 82.0635757446289, 53.15625762939453, 214.61207580566406, 198.9038543701172, 89.25215911865234, 100.54373168945312, 275.7484436035156, 181.31317138671875, 83.2997817993164, 115.14717864990234, 103.38219451904297, 85.44645690917969, 99.8575439453125, 66.71073913574219, 212.23133850097656, 263.59954833984375, 192.09523010253906, 387.3768310546875, 257.0657043457031, 277.8262634277344, 205.7378387451172, 238.42642211914062, 191.8721466064453, 329.3526916503906, 187.02523803710938, 294.9233093261719, 181.60903930664062, 69.46183013916016, 256.7244567871094, 274.695068359375, 47.56828689575195, 88.74563598632812, 74.99542999267578, 140.67063903808594, 311.37200927734375, 68.39213562011719, 124.36695098876953, 58.135311126708984, 249.31031799316406, 89.82115936279297, 33.146610260009766, 82.3187484741211, 159.52877807617188, 184.54396057128906, 51.65156936645508, 112.981201171875, 52.72928237915039, 21.15032196044922, 35.01458740234375, 22.55044174194336, 36.36383819580078, 32.39124298095703, 11.669528007507324, 10.010597229003906, 9.138216972351074, 9.433226585388184, 5.615695476531982, 10.729988098144531, 35.25553512573242, 9.662551879882812, 10.380125999450684, 8.378201484680176, 5.737766265869141, 5.807181358337402, 6.038537502288818, 1.7492207288742065, 3.526689291000366, 3.5836808681488037, 3.473813533782959, 7.366110324859619, 1.9142735004425049, 3.6364498138427734, 5.483520984649658, 2.7206122875213623, 3.099829912185669, 3.8102803230285645, 2.065967082977295, 1.7981904745101929, 2.5190343856811523, 2.2322046756744385, 1.3081082105636597, 2.948261022567749, 1.929787039756775, 3.2894842624664307, 2.8630049228668213, 2.5241968631744385, 2.1300089359283447, 1.0484240055084229, 0.8915497660636902, 0.48832738399505615, 1.2993874549865723, 0.613954484462738, 0.4276258051395416, 0.5954694151878357, 0.6505041122436523], "true": [120.0, 120.0, 120.0, 120.0, 120.0, 120.0, 119.0, 118.0, 117.0, 116.0, 115.0, 114.0, 113.0, 112.0, 111.0, 110.0, 109.0, 108.0, 107.0, 106.0, 105.0, 104.0, 103.0, 102.0, 101.0, 100.0, 99.0, 98.0, 97.0, 96.0, 95.0, 94.0, 93.0, 92.0, 91.0, 90.0, 89.0, 88.0, 87.0, 86.0, 85.0, 84.0, 83.0, 82.0, 81.0, 80.0, 79.0, 78.0, 77.0, 76.0, 75.0, 74.0, 73.0, 72.0, 71.0, 70.0, 69.0, 68.0, 67.0, 66.0, 65.0, 64.0, 63.0, 62.0, 61.0, 60.0, 59.0, 58.0, 57.0, 56.0, 55.0, 54.0, 53.0, 52.0, 51.0, 50.0, 49.0, 48.0, 47.0, 46.0, 45.0, 44.0, 43.0, 42.0, 41.0, 40.0, 39.0, 38.0, 37.0, 36.0, 35.0, 34.0, 33.0, 32.0, 31.0, 30.0, 29.0, 28.0, 27.0, 26.0, 25.0, 24.0, 23.0, 22.0, 21.0, 20.0, 19.0, 18.0, 17.0, 16.0, 15.0, 14.0, 13.0, 12.0, 11.0, 10.0, 9.0, 8.0, 7.0, 6.0, 5.0, 4.0, 3.0, 2.0, 1.0, 0.0], "RMSE": 12.08}