{"mean": [112.8261947631836, 114.03691101074219, 106.08943176269531, 107.04080963134766, 115.69183349609375, 104.55316162109375, 115.1153564453125, 108.30562591552734, 111.23701477050781, 110.5604019165039, 109.004150390625, 109.68684387207031, 110.40240478515625, 111.3834228515625, 108.73103332519531, 94.7431869506836, 108.92236328125, 111.61528015136719, 103.5060043334961, 110.1222915649414, 110.28593444824219, 110.05350494384766, 109.16127014160156, 111.7127685546875, 103.92189025878906, 111.7150650024414, 116.25923919677734, 108.51948547363281, 100.38465881347656, 115.6371078491211, 107.0949935913086, 105.43656921386719, 106.7767333984375, 103.7850570678711, 105.0824203491211, 105.3111801147461, 112.4971694946289, 101.17359924316406, 97.63809204101562, 100.99525451660156, 103.38133239746094, 101.27552795410156, 99.39949035644531, 106.24577331542969, 104.96707916259766, 96.93626403808594, 98.05052947998047, 89.29914855957031, 92.60258483886719, 94.8345718383789, 90.64212799072266, 92.2878189086914, 100.52174377441406, 92.8734130859375, 81.57239532470703, 86.89281463623047, 85.26747131347656, 87.837158203125, 71.2981185913086, 85.61932373046875, 85.72026062011719, 82.56489562988281, 77.04731750488281, 75.05538177490234, 68.1839370727539, 67.11445617675781, 77.65263366699219, 76.4893569946289, 66.77214813232422, 74.67765808105469, 75.02791595458984, 61.28661346435547, 62.28021240234375, 55.18339920043945, 63.960792541503906, 53.499542236328125, 56.476173400878906, 49.884437561035156, 51.358665466308594, 53.269073486328125, 48.81793975830078, 46.96062088012695, 48.1846923828125, 42.844749450683594, 44.951534271240234, 45.07582092285156, 42.34415817260742, 40.17267608642578, 38.86591339111328, 36.715476989746094, 36.24292755126953, 35.34149169921875, 35.22292709350586, 32.72013854980469, 31.436199188232422, 31.700204849243164, 28.347904205322266, 27.675399780273438, 27.978069305419922, 26.592504501342773, 25.962810516357422, 24.657611846923828, 23.169031143188477, 24.719812393188477, 22.125041961669922, 22.717975616455078, 19.836639404296875, 19.20855712890625, 19.25151252746582, 16.979679107666016, 15.191099166870117, 14.368243217468262, 14.832517623901367, 14.013368606567383, 12.466448783874512, 11.651844024658203, 10.582133293151855, 10.107571601867676, 7.6953444480896, 7.372661590576172, 5.781352996826172, 4.584725379943848, 3.998297929763794, 2.8027966022491455, 1.3352612257003784], "var": [51.7435188293457, 58.977684020996094, 110.86053466796875, 50.16645050048828, 232.10971069335938, 158.28500366210938, 28.891389846801758, 99.91624450683594, 117.73128509521484, 153.18785095214844, 122.95236206054688, 166.2621612548828, 134.60354614257812, 71.50943756103516, 133.9635467529297, 223.4646759033203, 118.01668548583984, 145.77767944335938, 69.10673522949219, 96.9430160522461, 102.5745849609375, 236.0184326171875, 78.58088684082031, 114.22929382324219, 346.1274719238281, 136.54266357421875, 24.058198928833008, 131.55743408203125, 321.88818359375, 67.24345397949219, 440.7554626464844, 229.99838256835938, 235.90394592285156, 76.76854705810547, 100.05767822265625, 349.7657165527344, 89.62737274169922, 254.8958740234375, 391.2689514160156, 264.6948547363281, 217.94638061523438, 471.2919006347656, 233.37376403808594, 120.1623764038086, 109.48775482177734, 161.42945861816406, 189.2478790283203, 245.34861755371094, 78.66967010498047, 155.42611694335938, 260.20257568359375, 248.1898193359375, 85.39543914794922, 207.01376342773438, 280.40594482421875, 73.6297836303711, 127.41246795654297, 310.8985595703125, 33.34258270263672, 103.31936645507812, 172.0016326904297, 113.6791763305664, 201.02532958984375, 132.2858123779297, 99.318359375, 95.03193664550781, 85.08101654052734, 48.0108642578125, 63.173988342285156, 147.5718536376953, 48.65460205078125, 31.424800872802734, 22.026073455810547, 11.276004791259766, 99.86134338378906, 30.74700927734375, 57.50810241699219, 42.14201354980469, 21.74058723449707, 16.38251495361328, 16.230031967163086, 21.803014755249023, 30.160486221313477, 16.026681900024414, 7.844841957092285, 27.048641204833984, 8.528288841247559, 11.728815078735352, 19.801803588867188, 6.184106349945068, 13.767057418823242, 2.4321935176849365, 4.147008895874023, 6.77340841293335, 4.018883228302002, 4.492908477783203, 6.402596950531006, 3.9812488555908203, 3.6813011169433594, 4.47498083114624, 3.74776291847229, 1.542860507965088, 1.345090627670288, 2.2439045906066895, 4.006709098815918, 3.315653085708618, 3.020106315612793, 2.159609794616699, 1.5183299779891968, 1.2117547988891602, 1.573132872581482, 0.9599371552467346, 1.7770663499832153, 0.875236988067627, 0.5810174345970154, 1.7355551719665527, 0.9075504541397095, 0.5070227980613708, 0.17867904901504517, 0.6292375922203064, 0.4129255414009094, 1.2158154249191284, 0.49024656414985657, 0.3921506702899933, 0.30836188793182373], "true": [120.0, 120.0, 120.0, 120.0, 120.0, 119.0, 118.0, 117.0, 116.0, 115.0, 114.0, 113.0, 112.0, 111.0, 110.0, 109.0, 108.0, 107.0, 106.0, 105.0, 104.0, 103.0, 102.0, 101.0, 100.0, 99.0, 98.0, 97.0, 96.0, 95.0, 94.0, 93.0, 92.0, 91.0, 90.0, 89.0, 88.0, 87.0, 86.0, 85.0, 84.0, 83.0, 82.0, 81.0, 80.0, 79.0, 78.0, 77.0, 76.0, 75.0, 74.0, 73.0, 72.0, 71.0, 70.0, 69.0, 68.0, 67.0, 66.0, 65.0, 64.0, 63.0, 62.0, 61.0, 60.0, 59.0, 58.0, 57.0, 56.0, 55.0, 54.0, 53.0, 52.0, 51.0, 50.0, 49.0, 48.0, 47.0, 46.0, 45.0, 44.0, 43.0, 42.0, 41.0, 40.0, 39.0, 38.0, 37.0, 36.0, 35.0, 34.0, 33.0, 32.0, 31.0, 30.0, 29.0, 28.0, 27.0, 26.0, 25.0, 24.0, 23.0, 22.0, 21.0, 20.0, 19.0, 18.0, 17.0, 16.0, 15.0, 14.0, 13.0, 12.0, 11.0, 10.0, 9.0, 8.0, 7.0, 6.0, 5.0, 4.0, 3.0, 2.0, 1.0, 0.0], "RMSE": 11.42}