{"mean": [118.49227142333984, 118.9567642211914, 121.114990234375, 120.933837890625, 119.70130920410156, 121.66828918457031, 117.99356842041016, 123.20896911621094, 121.64070892333984, 116.63658142089844, 120.1340560913086, 120.6407470703125, 118.67147064208984, 117.9355239868164, 120.58612060546875, 121.72398376464844, 117.29026794433594, 118.52842712402344, 119.61311340332031, 117.16969299316406, 119.5072250366211, 121.2578353881836, 118.00566101074219, 120.44996643066406, 120.20108795166016, 116.78922271728516, 115.22086334228516, 116.3955307006836, 115.99800109863281, 118.91500091552734, 120.16438293457031, 117.67741394042969, 114.93540954589844, 119.48692321777344, 116.15763854980469, 114.23753356933594, 111.98494720458984, 108.80329895019531, 114.05098724365234, 105.05909729003906, 109.7306900024414, 105.79366302490234, 100.10269927978516, 109.67757415771484, 108.25035095214844, 101.6550521850586, 99.4878158569336, 102.8238754272461, 89.58780670166016, 98.38316345214844, 97.35233306884766, 93.78118133544922, 84.53359985351562, 82.45561218261719, 95.7013168334961, 85.51940155029297, 74.74706268310547, 83.90056610107422, 71.53813171386719, 79.79358673095703, 73.14341735839844, 64.23855590820312, 65.92607116699219, 59.92573165893555, 65.9311294555664, 62.75459671020508, 71.67572784423828, 61.0128059387207, 56.76448440551758, 57.22266387939453, 56.72333526611328, 53.32164764404297, 57.449424743652344, 51.95398712158203, 51.99900436401367, 49.39238739013672, 49.75856018066406, 48.40916442871094, 46.87675857543945, 46.098304748535156, 47.585487365722656, 45.29726028442383, 43.93610382080078, 42.77244186401367, 41.91011428833008, 40.35108184814453, 38.79621505737305, 38.88600158691406, 36.81758499145508, 36.47761917114258, 35.02149200439453, 33.80274963378906, 32.23548126220703, 30.565786361694336, 31.78814697265625, 30.652507781982422, 29.22234535217285, 28.551464080810547, 27.856189727783203, 25.512630462646484, 25.983997344970703, 24.413158416748047, 24.116153717041016, 20.842754364013672, 21.170787811279297, 20.873363494873047, 20.407442092895508, 19.088918685913086, 19.320358276367188, 18.120235443115234, 16.012165069580078, 14.543922424316406, 14.330296516418457, 13.61559009552002, 12.739341735839844, 11.384798049926758, 10.278413772583008, 10.284978866577148, 9.50963020324707, 7.664315700531006, 6.693674564361572, 5.773409843444824, 4.613276481628418, 3.525184154510498, 2.7854464054107666], "var": [8.253159523010254, 24.493732452392578, 35.48042678833008, 28.714942932128906, 13.747174263000488, 23.626934051513672, 14.781964302062988, 13.641521453857422, 34.81444549560547, 24.844829559326172, 43.3319091796875, 27.060537338256836, 16.673995971679688, 29.80536651611328, 23.464963912963867, 6.756872653961182, 18.45406723022461, 32.76294708251953, 64.87262725830078, 30.801694869995117, 11.372400283813477, 36.76297378540039, 31.65456771850586, 41.036659240722656, 9.424860954284668, 26.21091651916504, 47.23062515258789, 24.217695236206055, 21.202280044555664, 39.97682189941406, 20.481937408447266, 35.18768310546875, 63.22686767578125, 61.11961364746094, 43.02293014526367, 63.186771392822266, 21.10114288330078, 57.2418212890625, 22.41807746887207, 25.80961799621582, 38.941890716552734, 68.41067504882812, 166.31951904296875, 124.17261505126953, 97.86335754394531, 163.86293029785156, 202.90318298339844, 48.9787712097168, 218.24676513671875, 239.9252166748047, 233.77670288085938, 241.02101135253906, 106.3218765258789, 139.95806884765625, 332.0477600097656, 269.68463134765625, 216.41319274902344, 230.43063354492188, 145.6901092529297, 178.07730102539062, 143.78134155273438, 36.822418212890625, 80.16950225830078, 100.01712799072266, 223.1083984375, 110.06045532226562, 242.13198852539062, 75.86874389648438, 56.194313049316406, 43.91011428833008, 74.11652374267578, 36.13893127441406, 38.282562255859375, 32.42203140258789, 16.441566467285156, 36.55052185058594, 33.81424331665039, 20.014265060424805, 17.632713317871094, 24.4615535736084, 13.986635208129883, 12.905112266540527, 4.866501808166504, 21.667654037475586, 5.101082801818848, 13.996209144592285, 8.263045310974121, 7.977832794189453, 5.108737468719482, 6.009758949279785, 6.329229354858398, 7.358248233795166, 0.9264917373657227, 4.287232398986816, 3.024322271347046, 0.5571213364601135, 4.658363342285156, 2.221226453781128, 4.118391990661621, 1.442755103111267, 2.2975564002990723, 1.7075978517532349, 2.5495400428771973, 1.8798576593399048, 2.261526346206665, 2.4639315605163574, 1.6735382080078125, 2.6813273429870605, 0.9762891530990601, 3.3176705837249756, 1.8209202289581299, 2.837071180343628, 2.6623024940490723, 1.229292869567871, 1.5143282413482666, 1.5195071697235107, 0.39041852951049805, 0.9895588755607605, 1.5339304208755493, 0.6659790873527527, 0.6097064018249512, 0.34625276923179626, 0.38032832741737366, 0.7126780152320862, 0.3335971534252167], "true": [120.0, 120.0, 120.0, 120.0, 120.0, 119.0, 118.0, 117.0, 116.0, 115.0, 114.0, 113.0, 112.0, 111.0, 110.0, 109.0, 108.0, 107.0, 106.0, 105.0, 104.0, 103.0, 102.0, 101.0, 100.0, 99.0, 98.0, 97.0, 96.0, 95.0, 94.0, 93.0, 92.0, 91.0, 90.0, 89.0, 88.0, 87.0, 86.0, 85.0, 84.0, 83.0, 82.0, 81.0, 80.0, 79.0, 78.0, 77.0, 76.0, 75.0, 74.0, 73.0, 72.0, 71.0, 70.0, 69.0, 68.0, 67.0, 66.0, 65.0, 64.0, 63.0, 62.0, 61.0, 60.0, 59.0, 58.0, 57.0, 56.0, 55.0, 54.0, 53.0, 52.0, 51.0, 50.0, 49.0, 48.0, 47.0, 46.0, 45.0, 44.0, 43.0, 42.0, 41.0, 40.0, 39.0, 38.0, 37.0, 36.0, 35.0, 34.0, 33.0, 32.0, 31.0, 30.0, 29.0, 28.0, 27.0, 26.0, 25.0, 24.0, 23.0, 22.0, 21.0, 20.0, 19.0, 18.0, 17.0, 16.0, 15.0, 14.0, 13.0, 12.0, 11.0, 10.0, 9.0, 8.0, 7.0, 6.0, 5.0, 4.0, 3.0, 2.0, 1.0, 0.0], "RMSE": 12.57}