{"mean": [118.19185638427734, 112.91456604003906, 117.28739929199219, 119.72520446777344, 116.13800048828125, 120.17652893066406, 116.97242736816406, 116.75233459472656, 118.47966003417969, 119.53060150146484, 114.18263244628906, 114.38826751708984, 119.4626693725586, 119.54219055175781, 114.22212219238281, 117.49607849121094, 120.87796783447266, 116.76240539550781, 120.1929931640625, 109.67244720458984, 117.34931945800781, 121.49468994140625, 113.41458892822266, 113.7312240600586, 109.25447082519531, 112.44758605957031, 112.152099609375, 112.1649169921875, 110.5801773071289, 108.27738952636719, 104.98291015625, 102.69344329833984, 104.70841217041016, 107.93253326416016, 97.30735778808594, 102.6857681274414, 102.61474609375, 96.4568862915039, 94.12401580810547, 100.14334869384766, 91.1448974609375, 92.318115234375, 87.40626525878906, 95.80695343017578, 87.00663757324219, 90.36448669433594, 83.02830505371094, 88.02830505371094, 87.38736724853516, 85.98667907714844, 80.27896881103516, 80.57846069335938, 77.9439468383789, 76.81288146972656, 86.36686706542969, 76.78129577636719, 79.82511138916016, 74.29053497314453, 75.6754379272461, 68.68270874023438, 63.633216857910156, 69.5409927368164, 61.61384201049805, 64.35692596435547, 63.27445602416992, 55.496124267578125, 65.74006652832031, 66.68350219726562, 62.5319938659668, 65.21943664550781, 58.780059814453125, 53.315330505371094, 58.76970672607422, 56.47260665893555, 55.84477996826172, 55.4214973449707, 51.38653564453125, 49.507137298583984, 51.5079231262207, 49.18341827392578, 53.104515075683594, 46.0809326171875, 45.7542724609375, 42.667198181152344, 44.55660629272461, 41.991851806640625, 40.517120361328125, 40.98023223876953, 39.11309051513672, 36.56801223754883, 35.82816696166992, 37.09838104248047, 36.88713836669922, 34.41803741455078, 32.62214279174805, 31.295608520507812, 31.84708595275879, 29.700763702392578, 28.471744537353516, 27.404647827148438, 25.834070205688477, 25.499265670776367, 25.698745727539062, 25.076740264892578, 24.847049713134766, 24.140111923217773, 22.32247543334961, 21.552566528320312, 20.343042373657227, 20.445520401000977, 15.544668197631836, 16.202131271362305, 14.982038497924805, 15.076128959655762, 14.015215873718262, 13.122369766235352, 13.19038200378418, 11.12087345123291, 11.460883140563965, 10.205912590026855, 8.585470199584961, 7.794361114501953, 6.225471496582031, 5.027216911315918, 4.353903770446777, 3.1206886768341064, 2.203705310821533], "var": [33.02998352050781, 37.792724609375, 18.243284225463867, 41.66230392456055, 42.10597229003906, 20.624834060668945, 38.431339263916016, 42.556846618652344, 35.340396881103516, 28.53852653503418, 38.71910858154297, 58.56169891357422, 28.2850341796875, 39.699459075927734, 40.547542572021484, 6.037500381469727, 26.452390670776367, 47.36396026611328, 52.96620178222656, 74.08763122558594, 6.375538349151611, 18.648561477661133, 97.51483917236328, 124.5017318725586, 65.61653900146484, 84.21241760253906, 81.50835418701172, 40.17960739135742, 45.37342834472656, 110.24323272705078, 162.0833740234375, 283.74847412109375, 111.7844467163086, 107.87992095947266, 92.85248565673828, 94.32164764404297, 206.69821166992188, 116.00015258789062, 134.9505157470703, 217.72216796875, 148.3075408935547, 173.2107696533203, 132.5389404296875, 235.50416564941406, 155.07119750976562, 271.36529541015625, 211.2413330078125, 294.2273254394531, 176.67869567871094, 221.00039672851562, 224.8494110107422, 126.5058822631836, 193.97677612304688, 323.4748229980469, 227.95277404785156, 180.43853759765625, 203.0323028564453, 136.1872100830078, 211.30177307128906, 96.36625671386719, 89.09065246582031, 97.48748779296875, 47.896331787109375, 81.68153381347656, 108.09107971191406, 10.665045738220215, 58.40502166748047, 92.14904022216797, 86.03282928466797, 114.6696548461914, 88.86567687988281, 15.648818016052246, 105.66168975830078, 101.51502990722656, 54.429588317871094, 43.3254508972168, 33.52234649658203, 37.83430099487305, 20.081117630004883, 14.383590698242188, 31.970544815063477, 10.80681324005127, 24.800607681274414, 11.398050308227539, 29.522920608520508, 13.323020935058594, 3.403754711151123, 18.7680721282959, 4.143137454986572, 9.376513481140137, 5.729564189910889, 6.5868096351623535, 9.024626731872559, 3.114880323410034, 6.1864914894104, 4.372740268707275, 6.6279730796813965, 7.024890899658203, 4.135714054107666, 1.4531135559082031, 3.2432334423065186, 2.998636484146118, 4.375412464141846, 3.219125747680664, 5.800723075866699, 6.278870582580566, 2.168208122253418, 1.908125638961792, 1.2482234239578247, 1.8314874172210693, 0.8233527541160583, 1.206790566444397, 2.2370035648345947, 3.373009204864502, 0.9006691575050354, 0.6591152548789978, 1.316041111946106, 1.3314199447631836, 0.36597704887390137, 1.2070287466049194, 0.5762186646461487, 0.9272338151931763, 1.2383736371994019, 0.6170996427536011, 0.7769737243652344, 0.5009669065475464, 0.2852594256401062], "true": [120.0, 120.0, 120.0, 120.0, 120.0, 120.0, 120.0, 119.0, 118.0, 117.0, 116.0, 115.0, 114.0, 113.0, 112.0, 111.0, 110.0, 109.0, 108.0, 107.0, 106.0, 105.0, 104.0, 103.0, 102.0, 101.0, 100.0, 99.0, 98.0, 97.0, 96.0, 95.0, 94.0, 93.0, 92.0, 91.0, 90.0, 89.0, 88.0, 87.0, 86.0, 85.0, 84.0, 83.0, 82.0, 81.0, 80.0, 79.0, 78.0, 77.0, 76.0, 75.0, 74.0, 73.0, 72.0, 71.0, 70.0, 69.0, 68.0, 67.0, 66.0, 65.0, 64.0, 63.0, 62.0, 61.0, 60.0, 59.0, 58.0, 57.0, 56.0, 55.0, 54.0, 53.0, 52.0, 51.0, 50.0, 49.0, 48.0, 47.0, 46.0, 45.0, 44.0, 43.0, 42.0, 41.0, 40.0, 39.0, 38.0, 37.0, 36.0, 35.0, 34.0, 33.0, 32.0, 31.0, 30.0, 29.0, 28.0, 27.0, 26.0, 25.0, 24.0, 23.0, 22.0, 21.0, 20.0, 19.0, 18.0, 17.0, 16.0, 15.0, 14.0, 13.0, 12.0, 11.0, 10.0, 9.0, 8.0, 7.0, 6.0, 5.0, 4.0, 3.0, 2.0, 1.0, 0.0], "RMSE": 6.1}