{"mean": [92.81566619873047, 60.297576904296875, 79.65483856201172, 59.0860595703125, 81.43577575683594, 60.99175262451172, 88.13291931152344, 64.55552673339844, 85.84507751464844, 62.44645309448242, 73.42433166503906, 62.54413986206055, 79.83595275878906, 62.29338836669922, 78.42627716064453, 58.010711669921875, 75.40167999267578, 55.58704376220703, 68.92308044433594, 55.28960418701172, 69.5007553100586, 54.80002975463867, 70.11347961425781, 57.23712921142578, 67.12312316894531, 55.37977981567383, 65.50004577636719, 52.66188430786133, 72.14580535888672, 51.186302185058594, 63.7786979675293, 51.187110900878906, 59.03947067260742, 49.49460983276367, 62.71449661254883, 50.160789489746094, 56.88923263549805, 49.46438980102539, 57.15271759033203, 48.49980545043945, 54.49474334716797, 44.67667770385742, 53.97272872924805, 44.700233459472656, 54.46992111206055, 45.445533752441406, 57.573387145996094, 44.62788391113281, 49.037689208984375, 39.549808502197266, 49.314510345458984, 40.75026321411133, 47.54789733886719, 38.066246032714844, 45.52399444580078, 37.31636047363281, 49.643836975097656, 36.42051315307617, 44.10822677612305, 34.34540557861328, 46.39118194580078, 33.75117111206055, 42.371910095214844, 31.678020477294922, 42.41312026977539, 31.508066177368164, 38.809452056884766, 28.882579803466797, 40.37045669555664, 27.850940704345703, 38.53151321411133, 27.103557586669922, 38.65238952636719, 26.4691219329834, 37.53219223022461, 25.28750228881836, 33.68309783935547, 24.010631561279297, 33.310951232910156, 22.482471466064453, 33.65732955932617, 21.734542846679688, 30.627614974975586, 21.073528289794922, 29.551788330078125, 20.46856117248535, 31.50581932067871, 20.34100341796875, 27.81180763244629, 18.168888092041016, 28.403223037719727, 17.924396514892578, 27.236989974975586, 17.441070556640625, 25.89828872680664, 16.46718978881836, 25.628406524658203, 15.38385009765625, 25.62912940979004, 14.631004333496094, 25.9100341796875, 13.872049331665039, 24.802978515625, 12.531912803649902, 23.58159637451172, 10.835247993469238, 22.63015365600586, 11.079732894897461, 22.49004554748535, 10.277894973754883, 20.266490936279297, 8.985332489013672, 19.161212921142578, 7.644855499267578, 18.65701675415039, 6.638279914855957, 17.77777862548828, 6.242454528808594, 16.393468856811523, 5.378364562988281, 15.711183547973633, 3.6596298217773438, 14.170022964477539, 2.9942374229431152], "var": [140.23095703125, 74.40168762207031, 177.6963348388672, 37.320011138916016, 112.03089904785156, 24.64741325378418, 206.59396362304688, 7.458004951477051, 254.47970581054688, 33.05215072631836, 127.52251434326172, 23.50000762939453, 136.60009765625, 12.264202117919922, 167.15725708007812, 25.751623153686523, 238.81748962402344, 32.91397476196289, 68.95882415771484, 51.68376922607422, 34.16871643066406, 26.147769927978516, 91.7453842163086, 93.1932601928711, 33.34989547729492, 5.344725608825684, 97.78404998779297, 39.14826965332031, 129.43727111816406, 34.94893264770508, 116.27822875976562, 38.95632553100586, 70.03115844726562, 26.516372680664062, 31.877103805541992, 10.854960441589355, 80.30135345458984, 13.532382011413574, 18.485130310058594, 21.128015518188477, 42.48678207397461, 14.861557006835938, 59.73725509643555, 11.265986442565918, 30.229990005493164, 5.847312927246094, 57.38554382324219, 13.614737510681152, 30.068761825561523, 10.466389656066895, 19.699325561523438, 6.591635227203369, 4.448062419891357, 2.42264461517334, 50.096805572509766, 5.560280799865723, 44.030616760253906, 6.8817644119262695, 61.172481536865234, 5.96625280380249, 23.354129791259766, 5.999820709228516, 13.539877891540527, 9.194245338439941, 12.470292091369629, 8.60031509399414, 9.268316268920898, 3.9402353763580322, 15.478342056274414, 4.307895183563232, 15.576066970825195, 4.9400458335876465, 12.544028282165527, 0.793840765953064, 18.67491912841797, 2.8617708683013916, 6.685798168182373, 2.036242723464966, 9.535624504089355, 1.2723007202148438, 3.031034469604492, 1.5124492645263672, 7.74092960357666, 0.7305639982223511, 2.747068405151367, 0.7061938047409058, 4.693392753601074, 1.2477400302886963, 3.4620163440704346, 0.5931103229522705, 4.075327396392822, 1.2384722232818604, 2.1660425662994385, 0.7112809419631958, 1.8821645975112915, 0.4361497163772583, 0.825653076171875, 0.5826088786125183, 3.1600654125213623, 0.30308404564857483, 2.2962746620178223, 0.6420389413833618, 0.8207244277000427, 0.45992958545684814, 0.9047316312789917, 0.6927940845489502, 0.2852093577384949, 0.2329937219619751, 1.7725468873977661, 0.6852880120277405, 1.3800030946731567, 0.5657998323440552, 1.3216924667358398, 0.4793030321598053, 2.1502861976623535, 0.5811441540718079, 2.238119125366211, 0.4340622127056122, 1.3879786729812622, 0.4211272597312927, 0.3183489143848419, 0.31452706456184387, 0.9229723215103149, 0.6910118460655212], "true": [72.0, 65.0, 71.0, 64.0, 70.0, 63.0, 69.0, 62.0, 68.0, 61.0, 67.0, 60.0, 66.0, 59.0, 65.0, 58.0, 64.0, 57.0, 63.0, 56.0, 62.0, 55.0, 61.0, 54.0, 60.0, 53.0, 59.0, 52.0, 58.0, 51.0, 57.0, 50.0, 56.0, 49.0, 55.0, 48.0, 54.0, 47.0, 53.0, 46.0, 52.0, 45.0, 51.0, 44.0, 50.0, 43.0, 49.0, 42.0, 48.0, 41.0, 47.0, 40.0, 46.0, 39.0, 45.0, 38.0, 44.0, 37.0, 43.0, 36.0, 42.0, 35.0, 41.0, 34.0, 40.0, 33.0, 39.0, 32.0, 38.0, 31.0, 37.0, 30.0, 36.0, 29.0, 35.0, 28.0, 34.0, 27.0, 33.0, 26.0, 32.0, 25.0, 31.0, 24.0, 30.0, 23.0, 29.0, 22.0, 28.0, 21.0, 27.0, 20.0, 26.0, 19.0, 25.0, 18.0, 24.0, 17.0, 23.0, 16.0, 22.0, 15.0, 21.0, 14.0, 20.0, 13.0, 19.0, 12.0, 18.0, 11.0, 17.0, 10.0, 16.0, 9.0, 15.0, 8.0, 14.0, 7.0, 13.0, 6.0, 12.0, 5.0, 11.0, 4.0], "RMSE": 5.03}