{"mean": [56.32761764526367, 55.40985107421875, 51.05567169189453, 54.952392578125, 50.92713165283203, 53.17769241333008, 48.92505645751953, 51.45551681518555, 46.48794937133789, 50.67243194580078, 45.609092712402344, 42.244441986083984, 46.68278121948242, 48.710594177246094, 46.362266540527344, 43.69900894165039, 46.61907958984375, 44.16743469238281, 44.1918830871582, 46.51255416870117, 44.46125030517578, 44.72523880004883, 42.49172592163086, 41.7567253112793, 40.253822326660156, 38.374908447265625, 40.49344253540039, 37.479103088378906, 35.65107727050781, 34.5892219543457, 32.54869079589844, 31.125234603881836, 30.137622833251953, 29.095556259155273, 27.96041488647461, 27.078067779541016, 26.017513275146484, 24.704051971435547, 24.34878158569336, 23.51611328125, 22.4808406829834, 20.190067291259766, 20.30783462524414, 19.105134963989258, 19.120532989501953, 17.37384796142578, 17.235034942626953, 16.08295440673828, 15.523019790649414, 14.269627571105957, 14.034185409545898, 13.65721607208252, 12.733500480651855, 11.38171672821045, 10.65286636352539, 10.099740982055664, 9.119379997253418, 7.209504127502441, 6.898322105407715, 6.071017265319824, 5.0415940284729, 4.009010314941406, 3.2925307750701904, 2.6325223445892334, 1.7541471719741821, 1.7246792316436768, 1.4031946659088135, 123.1522445678711, 125.14073181152344, 121.96810150146484, 123.7998275756836, 123.9853515625, 122.2955093383789, 123.81510925292969, 123.25235748291016, 121.12278747558594, 124.44295501708984, 121.48799133300781, 122.63267517089844, 122.1352767944336, 122.88935852050781, 121.48762512207031, 120.48271179199219, 121.77044677734375, 124.56767272949219, 121.3187026977539, 121.21024322509766, 118.68106842041016, 121.16825103759766, 120.43084716796875, 120.6172866821289, 120.8133773803711, 119.8246078491211, 121.69648742675781, 121.01737976074219, 118.1607437133789, 121.97090911865234, 121.4681625366211, 116.80360412597656, 122.285400390625, 118.54869079589844, 118.22021484375, 116.9124526977539, 117.07979583740234, 117.39418029785156, 118.45045471191406, 120.92581939697266, 117.2173080444336, 116.29620361328125, 119.32100677490234, 118.958251953125, 117.02470397949219, 117.05548095703125, 117.75709533691406, 117.4759521484375, 110.58381652832031, 115.402099609375, 111.30595397949219, 116.546875, 110.78981018066406, 107.3155288696289, 105.2516098022461, 110.98624420166016, 111.75689697265625, 105.9798355102539], "var": [18.200162887573242, 46.94631576538086, 17.741077423095703, 13.839902877807617, 33.021568298339844, 3.559021234512329, 46.501529693603516, 38.5817985534668, 50.20680236816406, 21.11699867248535, 37.40613555908203, 27.203079223632812, 41.4445686340332, 24.915132522583008, 34.901615142822266, 26.43346405029297, 14.119736671447754, 29.814823150634766, 7.403072834014893, 11.95120906829834, 19.653182983398438, 10.041823387145996, 10.056463241577148, 4.7205424308776855, 11.321417808532715, 11.84277629852295, 10.833921432495117, 4.332749843597412, 1.850201964378357, 1.1181844472885132, 8.044591903686523, 6.354167461395264, 1.8908019065856934, 1.8091851472854614, 1.9400739669799805, 1.836377739906311, 2.272120952606201, 2.9331979751586914, 2.2000515460968018, 1.986089825630188, 1.3908017873764038, 2.1832010746002197, 0.8657907247543335, 1.0156664848327637, 0.719440221786499, 1.635362982749939, 1.427609920501709, 0.774186909198761, 0.5902915596961975, 0.7872652411460876, 0.780131459236145, 0.34557318687438965, 0.584863007068634, 0.684881329536438, 1.068186640739441, 0.6786137223243713, 0.8187549710273743, 0.21096478402614594, 0.44770342111587524, 0.6078557372093201, 0.43614161014556885, 0.5951725840568542, 0.15731100738048553, 0.1066417247056961, 0.030929425731301308, 0.09175405651330948, 0.07888177782297134, 13.300054550170898, 7.9779510498046875, 11.332161903381348, 10.387911796569824, 11.345085144042969, 16.43678855895996, 11.908177375793457, 6.550025939941406, 11.776338577270508, 7.151061534881592, 4.265126705169678, 23.093175888061523, 7.211691379547119, 12.63755989074707, 9.233784675598145, 13.412314414978027, 7.735167026519775, 9.113109588623047, 17.674713134765625, 19.4154109954834, 10.342569351196289, 14.379178047180176, 8.346556663513184, 14.666773796081543, 12.65330696105957, 13.459769248962402, 13.304483413696289, 38.88319778442383, 20.30221939086914, 16.60519790649414, 10.176164627075195, 36.620582580566406, 14.704090118408203, 31.788354873657227, 30.01282501220703, 36.61197280883789, 28.412817001342773, 26.544923782348633, 10.434623718261719, 6.11274528503418, 10.383759498596191, 42.323341369628906, 24.250028610229492, 18.957242965698242, 22.01813316345215, 39.06722640991211, 17.992610931396484, 21.83984375, 54.89239501953125, 22.04996681213379, 41.69978713989258, 19.243087768554688, 43.46476364135742, 21.258777618408203, 48.60601043701172, 44.59608840942383, 31.354726791381836, 71.20577239990234], "true": [66.0, 65.0, 64.0, 63.0, 62.0, 61.0, 60.0, 59.0, 58.0, 57.0, 56.0, 55.0, 54.0, 53.0, 52.0, 51.0, 50.0, 49.0, 48.0, 47.0, 46.0, 45.0, 44.0, 43.0, 42.0, 41.0, 40.0, 39.0, 38.0, 37.0, 36.0, 35.0, 34.0, 33.0, 32.0, 31.0, 30.0, 29.0, 28.0, 27.0, 26.0, 25.0, 24.0, 23.0, 22.0, 21.0, 20.0, 19.0, 18.0, 17.0, 16.0, 15.0, 14.0, 13.0, 12.0, 11.0, 10.0, 9.0, 8.0, 7.0, 6.0, 5.0, 4.0, 3.0, 2.0, 1.0, 0.0, 120.0, 120.0, 120.0, 120.0, 120.0, 120.0, 120.0, 120.0, 120.0, 120.0, 120.0, 120.0, 120.0, 120.0, 120.0, 120.0, 120.0, 119.0, 118.0, 117.0, 116.0, 115.0, 114.0, 113.0, 112.0, 111.0, 110.0, 109.0, 108.0, 107.0, 106.0, 105.0, 104.0, 103.0, 102.0, 101.0, 100.0, 99.0, 98.0, 97.0, 96.0, 95.0, 94.0, 93.0, 92.0, 91.0, 90.0, 89.0, 88.0, 87.0, 86.0, 85.0, 84.0, 83.0, 82.0, 81.0, 80.0, 79.0], "RMSE": 12.17}