{"mean": [118.947265625, 14.27775764465332, 119.1526107788086, 14.053853988647461, 119.46891784667969, 13.42780876159668, 117.10391998291016, 12.316543579101562, 120.71669006347656, 11.6226224899292, 118.7654037475586, 10.586772918701172, 116.55979919433594, 10.099848747253418, 116.93475341796875, 9.805599212646484, 116.8677749633789, 8.366511344909668, 121.00187683105469, 7.3622260093688965, 115.2993392944336, 6.844607353210449, 116.1728286743164, 5.388976097106934, 114.00495910644531, 4.845974445343018, 114.29146575927734, 3.839756488800049, 112.9415054321289, 2.7164111137390137, 117.04188537597656, 2.377586841583252, 116.01039123535156, 1.8322086334228516, 113.99861907958984, 1.8329734802246094, 114.1009521484375, 1.434421181678772, 111.95833587646484, 1.0681421756744385, 111.85325622558594, 1.1727941036224365, 105.2234878540039, 112.98177337646484, 109.90348815917969, 120.2193374633789, 109.83924865722656, 121.48033142089844, 110.43269348144531, 120.02410888671875, 110.58418273925781, 120.0743637084961, 105.6548080444336, 117.8620834350586, 107.8351821899414, 120.72499084472656, 103.65989685058594, 117.89375305175781, 105.37779235839844, 119.1240463256836, 98.28115844726562, 118.42079162597656, 98.26134490966797, 117.1462631225586, 102.4656982421875, 119.5778579711914, 105.04328918457031, 121.31514739990234, 98.31884002685547, 122.0546875, 95.78768920898438, 117.7165298461914, 100.63097381591797, 118.80726623535156, 104.24214935302734, 117.82447814941406, 100.98185729980469, 117.39041900634766, 98.87914276123047, 118.46435546875, 91.71247863769531, 115.04048156738281, 91.5950698852539, 116.48854064941406, 102.21147155761719, 115.11320495605469, 96.12975311279297, 116.95361328125, 93.44818115234375, 115.07929992675781, 89.87342071533203, 116.60597229003906, 87.17662048339844, 119.16751861572266, 87.04570770263672, 116.51578521728516, 84.9280776977539, 114.56730651855469, 92.85353088378906, 116.44026184082031, 83.83354949951172, 118.86051177978516, 82.45405578613281, 113.25202941894531, 78.34991455078125, 118.6650390625, 77.62709045410156, 118.50520324707031], "var": [15.191313743591309, 0.7017534375190735, 21.520551681518555, 0.6189150810241699, 29.593294143676758, 0.44405969977378845, 14.098471641540527, 1.6931289434432983, 20.455785751342773, 0.6462869048118591, 14.056831359863281, 0.3680940866470337, 31.82767677307129, 0.24924935400485992, 22.06492042541504, 0.6765576004981995, 14.469876289367676, 0.6340158581733704, 21.90536117553711, 0.3628717064857483, 39.77589797973633, 0.3807978332042694, 30.601734161376953, 0.5485653281211853, 38.61016082763672, 0.4064694941043854, 19.88190460205078, 0.45607274770736694, 41.982330322265625, 0.3058029115200043, 26.507047653198242, 0.5450938940048218, 19.615089416503906, 0.10464143753051758, 21.532861709594727, 0.08376207202672958, 26.491376876831055, 0.09708033502101898, 12.036940574645996, 0.10215248167514801, 50.4489860534668, 0.09321098774671555, 93.15272521972656, 108.50875091552734, 79.16993713378906, 24.053241729736328, 69.94962310791016, 19.512346267700195, 41.29911422729492, 23.01995849609375, 56.12413024902344, 5.946120262145996, 52.0446891784668, 13.705392837524414, 69.4975814819336, 6.626824855804443, 68.72138977050781, 18.07379722595215, 66.0166015625, 3.775278329849243, 47.7911376953125, 10.279635429382324, 139.34805297851562, 48.605079650878906, 79.92810821533203, 20.481521606445312, 76.66476440429688, 7.2991557121276855, 168.4119873046875, 15.902313232421875, 65.62627410888672, 45.12589645385742, 106.3611068725586, 11.835253715515137, 113.57772064208984, 11.733734130859375, 106.04124450683594, 26.99909782409668, 155.14163208007812, 31.604787826538086, 173.60736083984375, 124.5575942993164, 181.16677856445312, 9.712682723999023, 87.20645141601562, 52.78512191772461, 205.44325256347656, 12.849442481994629, 174.51559448242188, 43.15127182006836, 75.44671630859375, 29.924463272094727, 191.8577423095703, 37.357906341552734, 112.37924194335938, 31.906356811523438, 105.39835357666016, 64.72530364990234, 131.82919311523438, 25.056068420410156, 44.416107177734375, 13.405117988586426, 172.21636962890625, 36.661563873291016, 87.48978424072266, 19.8804988861084, 149.07440185546875, 29.803781509399414], "true": [120.0, 20.0, 120.0, 19.0, 120.0, 18.0, 120.0, 17.0, 120.0, 16.0, 120.0, 15.0, 120.0, 14.0, 120.0, 13.0, 120.0, 12.0, 120.0, 11.0, 120.0, 10.0, 120.0, 9.0, 120.0, 8.0, 120.0, 7.0, 120.0, 6.0, 120.0, 5.0, 120.0, 4.0, 120.0, 3.0, 120.0, 2.0, 120.0, 1.0, 120.0, 0.0, 120.0, 120.0, 119.0, 120.0, 118.0, 120.0, 117.0, 120.0, 116.0, 120.0, 115.0, 120.0, 114.0, 120.0, 113.0, 120.0, 112.0, 120.0, 111.0, 120.0, 110.0, 120.0, 109.0, 120.0, 108.0, 120.0, 107.0, 120.0, 106.0, 120.0, 105.0, 120.0, 104.0, 120.0, 103.0, 120.0, 102.0, 120.0, 101.0, 120.0, 100.0, 120.0, 99.0, 120.0, 98.0, 120.0, 97.0, 120.0, 96.0, 120.0, 95.0, 120.0, 94.0, 120.0, 93.0, 120.0, 92.0, 120.0, 91.0, 120.0, 90.0, 120.0, 89.0, 120.0, 88.0, 120.0], "RMSE": 5.25}