{"mean": [85.22267150878906, 8.388333320617676, 84.6596450805664, 7.5821123123168945, 82.50129699707031, 6.460398197174072, 81.35578155517578, 4.722531318664551, 71.99760437011719, 3.575774669647217, 78.1631851196289, 2.8339548110961914, 78.9022445678711, 2.3926613330841064, 81.2346420288086, 76.69803619384766, 123.4319076538086, 72.61827087402344, 124.644287109375, 70.9001235961914, 120.9609146118164, 66.390625, 124.73283386230469, 69.82490539550781, 124.88148498535156, 69.60712432861328, 124.77085876464844, 65.91732025146484, 121.86734771728516, 70.17578887939453, 124.5887680053711, 66.03300476074219, 122.65191650390625, 68.62059020996094, 123.63616943359375, 64.3480224609375, 121.88507080078125, 59.3515625, 123.97917175292969, 65.27284240722656, 123.6644515991211, 62.84477996826172, 122.92106628417969, 62.941619873046875, 122.45084381103516, 60.308998107910156, 121.16474914550781, 57.25526809692383, 123.16085052490234, 57.41527557373047, 122.43184661865234, 58.35614776611328, 123.0703125, 54.524932861328125, 120.98518371582031, 55.56315994262695, 123.91837310791016, 56.4454460144043, 123.54862976074219, 54.745208740234375, 122.19563293457031, 52.31242752075195, 120.46626281738281, 51.91554641723633, 123.07789611816406, 51.84331512451172, 122.10560607910156, 51.2315559387207, 120.5294418334961, 48.4269905090332, 123.3416976928711, 47.14588165283203, 120.1457290649414, 48.54326629638672, 122.271240234375, 47.91035079956055, 119.9090805053711, 45.37177658081055, 117.97023010253906, 45.62678527832031, 120.4211654663086, 41.79263687133789, 122.6256103515625, 40.89747619628906, 121.5603256225586, 41.44941329956055, 120.29100036621094, 39.49351119995117, 122.00718688964844, 37.79374694824219, 120.05891418457031, 36.13097381591797, 118.67147064208984, 35.56529235839844, 117.32807922363281, 32.05187225341797, 121.69549560546875, 31.383874893188477, 120.49261474609375, 29.903850555419922, 119.84210205078125, 28.32391357421875, 118.45683288574219, 26.887887954711914, 120.3579330444336, 27.079208374023438, 120.77616882324219, 26.35544204711914], "var": [59.40287399291992, 0.523921012878418, 64.60952758789062, 0.46318596601486206, 249.687744140625, 0.34973055124282837, 76.06908416748047, 0.13039541244506836, 55.976531982421875, 0.24201759696006775, 35.26400375366211, 0.19917097687721252, 78.96331024169922, 0.20296837389469147, 75.50148010253906, 21.228933334350586, 10.594902992248535, 99.81755828857422, 11.572473526000977, 31.5596866607666, 3.3303773403167725, 121.38652038574219, 8.09201431274414, 48.39255905151367, 2.2036776542663574, 73.13911437988281, 3.5638415813446045, 52.712345123291016, 4.380478382110596, 29.44321060180664, 6.816260814666748, 25.808931350708008, 12.379805564880371, 30.25676727294922, 3.7970876693725586, 39.52427673339844, 13.92627239227295, 26.07303237915039, 24.833782196044922, 22.365495681762695, 13.540789604187012, 18.59225082397461, 8.67523193359375, 41.887149810791016, 10.837959289550781, 28.950439453125, 13.90255355834961, 14.303681373596191, 17.29856300354004, 18.365554809570312, 17.68498420715332, 19.41974639892578, 15.790217399597168, 43.75253677368164, 11.66917896270752, 41.75361251831055, 11.406702995300293, 16.48770523071289, 16.980701446533203, 25.935035705566406, 17.93834114074707, 4.551047325134277, 13.782608985900879, 13.136390686035156, 15.906203269958496, 29.995988845825195, 5.17782735824585, 13.040945053100586, 17.306507110595703, 12.04284954071045, 10.196642875671387, 24.10439682006836, 25.468917846679688, 9.844255447387695, 19.058347702026367, 8.441144943237305, 39.46038055419922, 9.040410041809082, 37.15032196044922, 5.617691993713379, 26.968488693237305, 15.330225944519043, 16.05797576904297, 10.793647766113281, 5.492782115936279, 9.575231552124023, 19.28887367248535, 13.6365327835083, 28.546207427978516, 9.924745559692383, 27.15618896484375, 9.32640552520752, 26.878414154052734, 5.15711784362793, 30.219301223754883, 2.3467304706573486, 11.573928833007812, 5.484742641448975, 11.086010932922363, 4.441329479217529, 6.319492816925049, 2.985569953918457, 17.226181030273438, 1.0598703622817993, 50.911808013916016, 1.910017728805542, 10.194377899169922, 2.61431622505188], "true": [85.0, 6.0, 84.0, 5.0, 83.0, 4.0, 82.0, 3.0, 81.0, 2.0, 80.0, 1.0, 79.0, 0.0, 78.0, 77.0, 120.0, 76.0, 120.0, 75.0, 120.0, 74.0, 120.0, 73.0, 120.0, 72.0, 120.0, 71.0, 120.0, 70.0, 120.0, 69.0, 120.0, 68.0, 120.0, 67.0, 120.0, 66.0, 120.0, 65.0, 120.0, 64.0, 120.0, 63.0, 120.0, 62.0, 120.0, 61.0, 120.0, 60.0, 120.0, 59.0, 120.0, 58.0, 120.0, 57.0, 120.0, 56.0, 120.0, 55.0, 120.0, 54.0, 120.0, 53.0, 120.0, 52.0, 120.0, 51.0, 120.0, 50.0, 120.0, 49.0, 120.0, 48.0, 120.0, 47.0, 120.0, 46.0, 120.0, 45.0, 120.0, 44.0, 120.0, 43.0, 120.0, 42.0, 120.0, 41.0, 120.0, 40.0, 120.0, 39.0, 120.0, 38.0, 120.0, 37.0, 120.0, 36.0, 120.0, 35.0, 120.0, 34.0, 120.0, 33.0, 120.0, 32.0, 120.0, 31.0], "RMSE": 2.9}