{"mean": [119.2896499633789, 24.868701934814453, 118.74540710449219, 24.293224334716797, 116.4948501586914, 23.07813835144043, 117.6363525390625, 21.71184730529785, 118.84074401855469, 21.378276824951172, 115.51953125, 20.793249130249023, 117.15421295166016, 20.18538475036621, 116.57527160644531, 18.66341781616211, 118.40045166015625, 18.154071807861328, 116.3104019165039, 16.842166900634766, 117.94956970214844, 16.962688446044922, 116.12962341308594, 15.652435302734375, 115.8399887084961, 14.652934074401855, 116.28155517578125, 14.078237533569336, 116.8818130493164, 13.489822387695312, 114.62139892578125, 12.466292381286621, 115.96125793457031, 12.628499984741211, 113.24360656738281, 10.58576774597168, 114.3824462890625, 9.308311462402344, 116.11235046386719, 8.901790618896484, 116.8946533203125, 8.770149230957031, 108.40480041503906, 6.977749824523926, 112.92936706542969, 6.131455898284912, 113.6767807006836, 5.0797624588012695, 111.81913757324219, 4.055568695068359, 110.9634780883789, 3.1159119606018066, 112.12657165527344, 2.232405424118042, 111.7560043334961, 1.7152067422866821, 114.82491302490234, 1.215040922164917, 105.19279479980469, 1.1724990606307983, 107.6800537109375, 1.056321382522583, 108.5052490234375, 118.7319564819336, 116.2688217163086, 107.22346496582031, 117.35603332519531, 103.5387191772461, 118.19669342041016, 97.49842834472656, 117.7330551147461, 106.80522155761719, 114.9636459350586, 102.90422058105469, 117.1966323852539, 96.17941284179688, 118.74861145019531, 104.96394348144531, 119.69891357421875, 107.36143493652344, 116.95491027832031, 97.2809829711914, 114.34248352050781, 97.9442138671875, 117.0029296875, 99.20207214355469, 116.07289123535156, 95.05467224121094, 116.82936096191406, 98.49091339111328, 119.2496109008789, 89.6181640625, 118.52189636230469, 94.30115509033203, 119.85597229003906, 90.27961730957031, 119.71348571777344, 98.18219757080078, 118.82786560058594, 90.24049377441406, 117.58837890625, 96.93903350830078, 118.79278564453125, 90.71693420410156, 117.5815200805664, 92.88066864013672, 119.27274322509766, 92.37503814697266, 119.71366119384766, 91.37140655517578, 120.052001953125, 89.34149932861328, 121.25230407714844, 84.30522155761719, 119.17149353027344, 76.1301498413086, 115.60977935791016, 89.81388854980469], "var": [28.003427505493164, 2.8247015476226807, 22.090656280517578, 0.6969568133354187, 15.086182594299316, 2.2310380935668945, 31.15967559814453, 0.8027254939079285, 10.633289337158203, 1.30594003200531, 13.027081489562988, 1.3870341777801514, 23.037330627441406, 0.7771118879318237, 24.888851165771484, 1.9288573265075684, 25.684019088745117, 0.4676062762737274, 32.17477035522461, 0.1875094324350357, 11.929553985595703, 0.5426642298698425, 32.094886779785156, 0.6002842783927917, 55.93328857421875, 0.7596226334571838, 10.3951416015625, 0.9047065377235413, 29.21497917175293, 1.0346109867095947, 15.87842082977295, 0.5824903249740601, 40.934059143066406, 0.22671160101890564, 55.95135498046875, 0.3997846841812134, 95.06084442138672, 0.7476058006286621, 25.30967903137207, 0.39616987109184265, 48.27165985107422, 0.40619808435440063, 90.28958129882812, 0.5598806738853455, 58.036643981933594, 0.16271746158599854, 38.00484085083008, 0.1558208167552948, 29.879135131835938, 0.10704809427261353, 77.3302230834961, 0.2981864809989929, 22.42589569091797, 0.25508618354797363, 47.121829986572266, 0.14342476427555084, 31.021520614624023, 0.041681092232465744, 22.78505516052246, 0.10830873250961304, 48.76585388183594, 0.03354867175221443, 30.394493103027344, 26.22233009338379, 28.279146194458008, 135.66835021972656, 16.79595375061035, 88.98844909667969, 14.8170804977417, 99.40996551513672, 39.84284591674805, 58.74747848510742, 33.05510711669922, 169.2646942138672, 21.765485763549805, 89.900634765625, 10.480147361755371, 124.06809997558594, 18.001232147216797, 56.934391021728516, 20.44202995300293, 124.71273803710938, 15.618680953979492, 164.7554168701172, 27.587421417236328, 25.637712478637695, 100.73352813720703, 139.100830078125, 74.9771728515625, 108.53948974609375, 30.110023498535156, 100.9939956665039, 15.569247245788574, 61.4102668762207, 15.338813781738281, 192.03451538085938, 10.349016189575195, 120.76302337646484, 12.789708137512207, 200.91696166992188, 20.659873962402344, 147.61868286132812, 14.095941543579102, 117.16089630126953, 38.13324737548828, 157.29246520996094, 23.004011154174805, 74.41433715820312, 31.66646957397461, 168.74929809570312, 25.057920455932617, 226.0432586669922, 18.959821701049805, 164.87071228027344, 7.6159467697143555, 77.1327133178711, 64.60447692871094, 74.93782806396484], "true": [120.0, 30.0, 120.0, 29.0, 120.0, 28.0, 120.0, 27.0, 120.0, 26.0, 120.0, 25.0, 120.0, 24.0, 120.0, 23.0, 120.0, 22.0, 120.0, 21.0, 120.0, 20.0, 120.0, 19.0, 120.0, 18.0, 120.0, 17.0, 120.0, 16.0, 120.0, 15.0, 120.0, 14.0, 120.0, 13.0, 120.0, 12.0, 120.0, 11.0, 120.0, 10.0, 120.0, 9.0, 120.0, 8.0, 120.0, 7.0, 120.0, 6.0, 120.0, 5.0, 120.0, 4.0, 120.0, 3.0, 120.0, 2.0, 120.0, 1.0, 120.0, 0.0, 120.0, 120.0, 120.0, 119.0, 120.0, 118.0, 120.0, 117.0, 120.0, 116.0, 120.0, 115.0, 120.0, 114.0, 120.0, 113.0, 120.0, 112.0, 120.0, 111.0, 120.0, 110.0, 120.0, 109.0, 120.0, 108.0, 120.0, 107.0, 120.0, 106.0, 120.0, 105.0, 120.0, 104.0, 120.0, 103.0, 120.0, 102.0, 120.0, 101.0, 120.0, 100.0, 120.0, 99.0, 120.0, 98.0, 120.0, 97.0, 120.0, 96.0, 120.0, 95.0, 120.0, 94.0, 120.0, 93.0], "RMSE": 6.68}