{"mean": [50.50989532470703, 79.84192657470703, 47.54663848876953, 73.24779510498047, 45.723228454589844, 74.2527847290039, 45.33306121826172, 76.3542251586914, 44.03759765625, 76.67186737060547, 42.42308044433594, 72.99807739257812, 39.6987419128418, 74.72355651855469, 39.896419525146484, 72.71075439453125, 38.1136474609375, 70.35550689697266, 37.9723014831543, 71.74730682373047, 37.10719299316406, 72.80094909667969, 36.14479446411133, 69.9429702758789, 34.43764114379883, 69.9815444946289, 33.699974060058594, 67.03102111816406, 31.466602325439453, 66.92439270019531, 31.297725677490234, 66.10204315185547, 30.44246482849121, 67.6319580078125, 30.325603485107422, 68.89845275878906, 27.267669677734375, 64.42915344238281, 27.37485694885254, 62.108001708984375, 25.86360740661621, 63.29903030395508, 25.426692962646484, 61.3597412109375, 24.044992446899414, 63.36260986328125, 24.321298599243164, 61.174766540527344, 23.69792366027832, 60.341064453125, 22.069414138793945, 61.43458938598633, 22.024734497070312, 58.464111328125, 20.233951568603516, 55.03200149536133, 19.755474090576172, 57.6955680847168, 18.117218017578125, 55.20151901245117, 17.226627349853516, 53.74970626831055, 17.36136245727539, 52.370628356933594, 15.296592712402344, 52.63423538208008, 14.352783203125, 48.308448791503906, 13.389602661132812, 48.25714874267578, 12.246641159057617, 47.738853454589844, 11.299295425415039, 47.48431396484375, 9.954710006713867, 45.92863845825195, 8.849928855895996, 44.84917449951172, 7.90523624420166, 44.06599807739258, 6.761030673980713, 42.941856384277344, 5.005195617675781, 41.49360656738281, 4.154585838317871, 40.37522888183594, 3.2266273498535156, 38.25346374511719, 2.357297420501709, 37.60101318359375, 35.58611297607422, 123.68062591552734, 32.83024215698242, 124.42216491699219, 33.28766632080078, 124.2038345336914, 31.51951026916504, 123.1812744140625, 30.40401840209961, 125.1972885131836, 28.67453956604004, 125.04704284667969, 27.754064559936523, 126.1192626953125, 27.688247680664062, 124.8523178100586, 26.390670776367188, 123.69779205322266, 25.41754913330078, 124.52983093261719, 24.994152069091797, 125.70246887207031, 23.906002044677734, 125.7740707397461, 22.96556282043457, 124.67512512207031, 23.078838348388672, 124.94963073730469, 21.091909408569336, 123.394287109375, 20.006633758544922, 122.68464660644531, 20.573421478271484, 124.02347564697266, 19.085460662841797], "var": [17.344114303588867, 40.270660400390625, 22.608322143554688, 54.06379318237305, 11.699907302856445, 52.1996955871582, 13.375873565673828, 31.443416595458984, 7.695926189422607, 45.11683654785156, 15.495182037353516, 40.91947555541992, 3.768537759780884, 29.76325225830078, 3.9328927993774414, 41.643089294433594, 11.483039855957031, 19.580629348754883, 3.9418673515319824, 34.68922805786133, 9.928688049316406, 20.95301055908203, 4.759438514709473, 14.649491310119629, 4.64762544631958, 15.682838439941406, 12.580235481262207, 29.078147888183594, 4.522225379943848, 39.77783966064453, 3.948441743850708, 16.454845428466797, 3.6951568126678467, 14.163322448730469, 3.81115460395813, 19.901426315307617, 3.08699893951416, 18.676898956298828, 1.6013704538345337, 12.669329643249512, 0.9641043543815613, 19.839574813842773, 2.587602376937866, 23.85321044921875, 2.529639720916748, 14.2850980758667, 1.4363538026809692, 19.295284271240234, 2.201267957687378, 21.126686096191406, 2.128995180130005, 7.931512355804443, 1.3203065395355225, 7.076667308807373, 2.7636282444000244, 14.80364990234375, 2.47208309173584, 8.757061958312988, 0.6571377515792847, 13.676033973693848, 0.9166447520256042, 8.336188316345215, 0.7000270485877991, 9.803041458129883, 0.7831146717071533, 6.214248180389404, 0.6819690465927124, 4.476492881774902, 0.3036811053752899, 11.541940689086914, 0.87865149974823, 11.974124908447266, 0.40138545632362366, 4.610367774963379, 0.39835238456726074, 9.726886749267578, 0.4706273078918457, 1.0552037954330444, 0.4622042775154114, 2.93635892868042, 0.4603739380836487, 6.747922420501709, 0.36288297176361084, 2.6231632232666016, 0.4282987117767334, 3.6522834300994873, 0.10701660066843033, 5.287302494049072, 0.11501927673816681, 5.509296894073486, 6.5631561279296875, 8.226523399353027, 2.3744919300079346, 5.861068248748779, 4.938235759735107, 7.956690788269043, 2.574953317642212, 10.905451774597168, 4.493598461151123, 9.798859596252441, 1.5753140449523926, 11.527463912963867, 1.5101730823516846, 10.263772964477539, 2.86136794090271, 6.898374557495117, 1.7013137340545654, 17.8103084564209, 1.4472143650054932, 8.079422950744629, 2.433786392211914, 5.520350933074951, 1.1455682516098022, 11.090943336486816, 1.2384817600250244, 5.974620342254639, 1.313892126083374, 28.537445068359375, 1.2954901456832886, 10.601905822753906, 2.4658026695251465, 9.471277236938477, 0.45790722966194153, 9.61609172821045, 1.158920407295227], "true": [44.0, 87.0, 43.0, 86.0, 42.0, 85.0, 41.0, 84.0, 40.0, 83.0, 39.0, 82.0, 38.0, 81.0, 37.0, 80.0, 36.0, 79.0, 35.0, 78.0, 34.0, 77.0, 33.0, 76.0, 32.0, 75.0, 31.0, 74.0, 30.0, 73.0, 29.0, 72.0, 28.0, 71.0, 27.0, 70.0, 26.0, 69.0, 25.0, 68.0, 24.0, 67.0, 23.0, 66.0, 22.0, 65.0, 21.0, 64.0, 20.0, 63.0, 19.0, 62.0, 18.0, 61.0, 17.0, 60.0, 16.0, 59.0, 15.0, 58.0, 14.0, 57.0, 13.0, 56.0, 12.0, 55.0, 11.0, 54.0, 10.0, 53.0, 9.0, 52.0, 8.0, 51.0, 7.0, 50.0, 6.0, 49.0, 5.0, 48.0, 4.0, 47.0, 3.0, 46.0, 2.0, 45.0, 1.0, 44.0, 0.0, 43.0, 42.0, 120.0, 41.0, 120.0, 40.0, 120.0, 39.0, 120.0, 38.0, 120.0, 37.0, 120.0, 36.0, 120.0, 35.0, 120.0, 34.0, 120.0, 33.0, 120.0, 32.0, 120.0, 31.0, 120.0, 30.0, 120.0, 29.0, 120.0, 28.0, 120.0, 27.0, 120.0, 26.0, 120.0, 25.0], "RMSE": 4.97}