{"pred": [119.75859832763672, 120.15560150146484, 120.1528549194336, 120.31340789794922, 120.15750885009766, 120.04084014892578, 119.98849487304688, 119.99564361572266, 119.3927993774414, 119.17945098876953, 118.6330337524414, 119.38875579833984, 119.5592041015625, 119.29126739501953, 118.91646575927734, 119.1972427368164, 118.73976135253906, 118.24187469482422, 118.30606842041016, 118.96485900878906, 118.8935775756836, 118.07108306884766, 118.15277099609375, 117.86981964111328, 117.9386215209961, 118.29720306396484, 118.93651580810547, 118.43868255615234, 118.27013397216797, 118.1557388305664, 118.02887725830078, 117.77928924560547, 117.19246673583984, 116.93321990966797, 116.7767105102539, 118.47908782958984, 117.49890899658203, 116.1774673461914, 115.56999969482422, 115.42240905761719, 113.95396423339844, 113.29975128173828, 112.78826904296875, 111.66552734375, 111.49048614501953, 108.79346466064453, 108.2961654663086, 106.64806365966797, 109.21772003173828, 108.70316314697266, 108.03162384033203, 108.82695770263672, 107.00694274902344, 104.27091979980469, 103.2867660522461, 102.10201263427734, 99.54096221923828, 94.95948028564453, 93.1805648803711, 95.31586456298828, 94.34512329101562, 94.46951293945312, 93.35662841796875, 90.22229766845703, 90.32645416259766, 88.09309387207031, 88.34876251220703, 91.88573455810547, 93.09764862060547, 95.6190185546875, 94.85572052001953, 92.42642974853516, 87.05733489990234, 84.23914337158203, 82.75495910644531, 77.7223892211914, 76.58981323242188, 72.02286529541016, 69.1163558959961, 65.02264404296875, 61.17462158203125, 60.398162841796875, 58.67940902709961, 57.709075927734375, 53.85111999511719, 50.72867965698242, 50.03215026855469, 47.64913558959961, 45.60289001464844, 43.877601623535156, 43.265907287597656, 42.47993087768555, 41.01105499267578, 39.69951629638672, 38.99736785888672, 33.9781494140625, 33.70774841308594, 34.217918395996094, 33.957115173339844, 33.897613525390625, 33.47010803222656, 32.732154846191406, 31.806135177612305, 29.478857040405273, 29.1746883392334, 27.431550979614258, 24.44658660888672, 22.340303421020508, 20.14423942565918, 21.97293472290039, 19.328983306884766, 17.799795150756836, 16.809999465942383, 15.416475296020508, 14.09101390838623, 10.896422386169434, 10.46168041229248, 9.449017524719238, 8.094476699829102, 6.4014201164245605, 5.704123020172119, 4.536527156829834, 3.829087495803833, 3.995596170425415, 3.137791872024536, 2.429004669189453], "RMSE": 20.3}