{"pred": [112.01712799072266, 111.69361877441406, 110.85375213623047, 108.3780746459961, 107.34549713134766, 104.4799575805664, 104.16315460205078, 105.321533203125, 109.9339370727539, 110.69631958007812, 110.49060821533203, 112.2387924194336, 110.6076431274414, 109.5670394897461, 108.22286224365234, 109.08702087402344, 110.3957290649414, 109.46512603759766, 110.48822784423828, 110.56439971923828, 109.9607162475586, 110.2665023803711, 106.00707244873047, 101.77197265625, 95.99478149414062, 92.46015167236328, 84.8764419555664, 82.8104019165039, 76.60348510742188, 70.67701721191406, 69.2953872680664, 66.92534637451172, 70.6231460571289, 77.93804168701172, 78.92445373535156, 81.7239761352539, 83.06525421142578, 84.45352172851562, 85.3980484008789, 85.85640716552734, 85.90877532958984, 82.29217529296875, 78.18140411376953, 74.06975555419922, 76.48356628417969, 71.26331329345703, 70.4004898071289, 69.44676971435547, 67.88536834716797, 68.27447509765625, 66.69920349121094, 68.78443145751953, 67.84278106689453, 68.7442398071289, 65.83409881591797, 62.126068115234375, 61.96033477783203, 58.35569763183594, 55.3797607421875, 53.75929641723633, 56.605079650878906, 57.45694351196289, 54.437828063964844, 51.43842315673828, 48.74797821044922, 48.44480895996094, 49.16594314575195, 49.76317596435547, 48.960899353027344, 45.57918930053711, 44.79277420043945, 43.10465621948242, 43.54314422607422, 44.56385040283203, 41.03459167480469, 42.034828186035156, 43.25309753417969, 43.15514373779297, 44.020545959472656, 39.718143463134766, 43.59343719482422, 39.39992141723633, 36.37766647338867, 31.412595748901367, 28.06804847717285, 30.689189910888672, 30.262283325195312, 33.55067443847656, 30.59464454650879, 26.019756317138672, 27.755035400390625, 24.407569885253906, 22.95146369934082, 21.28823471069336, 18.218175888061523, 18.09394645690918, 14.478800773620605, 13.767862319946289, 11.468758583068848, 11.436290740966797, 11.10161304473877, 10.724644660949707, 8.610530853271484, 6.978381156921387, 5.395610332489014, 4.162619113922119], "RMSE": 12.97}