{"pred": [119.18502044677734, 119.42115783691406, 119.44840240478516, 119.5616683959961, 119.64403533935547, 119.69832611083984, 119.46707916259766, 119.27457427978516, 119.27538299560547, 119.46649932861328, 118.46713256835938, 119.05896759033203, 118.90966033935547, 118.06969451904297, 117.47834777832031, 117.10030364990234, 115.93477630615234, 115.8616943359375, 115.74168395996094, 116.04352569580078, 115.97318267822266, 115.70157623291016, 115.95498657226562, 115.38057708740234, 114.3425064086914, 114.26713562011719, 111.81417846679688, 113.87115478515625, 115.26190185546875, 115.37226867675781, 115.3731689453125, 114.1086654663086, 111.91560363769531, 108.87003326416016, 107.05142974853516, 106.31088256835938, 106.95535278320312, 105.8825454711914, 106.63434600830078, 105.03316497802734, 102.06815338134766, 101.09407043457031, 98.77176666259766, 94.46566009521484, 93.46302032470703, 91.3653335571289, 95.08362579345703, 89.79242706298828, 85.50761413574219, 81.4553451538086, 83.02352905273438, 79.82930755615234, 80.12422943115234, 79.13549041748047, 79.9636001586914, 78.12762451171875, 71.5036849975586, 70.20018768310547, 68.47211456298828, 69.17740631103516, 71.18818664550781, 69.82062530517578, 66.03395080566406, 64.2560043334961, 66.9262466430664, 62.924835205078125, 63.945274353027344, 62.745330810546875, 61.190101623535156, 58.885372161865234, 60.64236068725586, 58.52629089355469, 55.31505584716797, 56.69482421875, 58.07835388183594, 57.05423355102539, 54.693450927734375, 53.508277893066406, 54.56114959716797, 52.65153503417969, 53.146766662597656, 50.83601379394531, 50.671043395996094, 49.32860565185547, 48.221534729003906, 46.95012664794922, 49.17803192138672, 46.384361267089844, 45.59404754638672, 43.91204833984375, 43.591819763183594, 41.07019805908203, 40.477272033691406, 42.045555114746094, 41.59406280517578, 41.68595886230469, 37.1106071472168, 35.48255920410156, 38.06377029418945, 36.95408630371094, 30.95159339904785, 29.854501724243164, 34.312522888183594, 31.493803024291992, 29.918790817260742, 28.52005958557129, 25.894168853759766, 26.987783432006836, 23.62105941772461, 22.292442321777344, 20.476377487182617, 17.8568058013916, 17.331218719482422, 14.246479988098145, 14.647207260131836, 13.130348205566406, 12.432923316955566, 10.546502113342285, 8.593344688415527, 9.678620338439941, 7.848606586456299, 6.5857768058776855, 4.9691314697265625, 4.850722789764404, 4.044806957244873, 3.5365562438964844, 2.5683341026306152], "RMSE": 8.51}